city_name,ascii_name,country,country_code,admin_region,latitude,longitude,timezone,population,search_name
Milano,Milan,Italia,IT,Lombardia,45.4642,9.19,Europe/Rome,,milano milan lombardia italy it
Roma,Rome,Italia,IT,Lazio,41.9028,12.4964,Europe/Rome,,roma rome lazio italy it
Torino,Turin,Italia,IT,Piemonte,45.0703,7.6869,Europe/Rome,,torino turin piemonte italy it
Napoli,Naples,Italia,IT,Campania,40.8518,14.2681,Europe/Rome,,napoli naples campania italy it
Palermo,Palermo,Italia,IT,Sicilia,38.1157,13.3615,Europe/Rome,,palermo sicilia sicily italy it
Genova,Genoa,Italia,IT,Liguria,44.4056,8.9463,Europe/Rome,,genova genoa liguria italy it
Bologna,Bologna,Italia,IT,Emilia-Romagna,44.4949,11.3426,Europe/Rome,,bologna emilia romagna italy it
Firenze,Florence,Italia,IT,Toscana,43.7696,11.2558,Europe/Rome,,firenze florence toscana tuscany italy it
Bari,Bari,Italia,IT,Puglia,41.1171,16.8719,Europe/Rome,,bari puglia apulia italy it
Catania,Catania,Italia,IT,Sicilia,37.5079,15.083,Europe/Rome,,catania sicilia sicily italy it
Venezia,Venice,Italia,IT,Veneto,45.4408,12.3155,Europe/Rome,,venezia venice veneto italy it
Verona,Verona,Italia,IT,Veneto,45.4384,10.9916,Europe/Rome,,verona veneto italy it
Padova,Padua,Italia,IT,Veneto,45.4064,11.8768,Europe/Rome,,padova padua veneto italy it
Trieste,Trieste,Italia,IT,Friuli-Venezia Giulia,45.6495,13.7768,Europe/Rome,,trieste friuli italy it
Cagliari,Cagliari,Italia,IT,Sardegna,39.2238,9.1217,Europe/Rome,,cagliari sardegna sardinia italy it
Perugia,Perugia,Italia,IT,Umbria,43.1107,12.3908,Europe/Rome,,perugia umbria italy it
L'Aquila,L Aquila,Italia,IT,Abruzzo,42.3498,13.3995,Europe/Rome,,aquila l aquila abruzzo italy it
Ancona,Ancona,Italia,IT,Marche,43.6158,13.5189,Europe/Rome,,ancona marche italy it
Trento,Trento,Italia,IT,Trentino-Alto Adige,46.0748,11.1217,Europe/Rome,,trento trentino alto adige italy it
Bolzano,Bolzano,Italia,IT,Trentino-Alto Adige,46.4983,11.3548,Europe/Rome,,bolzano bozen trentino alto adige italy it
Aosta,Aosta,Italia,IT,Valle d'Aosta,45.7375,7.3201,Europe/Rome,,aosta valle d aosta italy it
Catanzaro,Catanzaro,Italia,IT,Calabria,38.9098,16.5877,Europe/Rome,,catanzaro calabria italy it
Potenza,Potenza,Italia,IT,Basilicata,40.6404,15.8056,Europe/Rome,,potenza basilicata italy it
Campobasso,Campobasso,Italia,IT,Molise,41.5603,14.6627,Europe/Rome,,campobasso molise italy it
Addis Ababa,Addis Ababa,Etiopia,ET,Addis Ababa,9.03,38.74,Africa/Addis_Ababa,,addis addis ababa addis abeba finfinne ethiopia etiopia et
Dire Dawa,Dire Dawa,Etiopia,ET,Dire Dawa,9.6,41.8661,Africa/Addis_Ababa,,dire dawa ethiopia etiopia et
Mekelle,Mekelle,Etiopia,ET,Tigray,13.4967,39.4753,Africa/Addis_Ababa,,mekelle meqele tigray ethiopia etiopia et
Gondar,Gondar,Etiopia,ET,Amhara,12.6,37.4667,Africa/Addis_Ababa,,gondar gonder amhara ethiopia etiopia et
Bahir Dar,Bahir Dar,Etiopia,ET,Amhara,11.5936,37.3908,Africa/Addis_Ababa,,bahir dar bahirdar amhara ethiopia etiopia et
Hawassa,Hawassa,Etiopia,ET,Sidama,7.0621,38.4763,Africa/Addis_Ababa,,hawassa awasa sidama ethiopia etiopia et
Jimma,Jimma,Etiopia,ET,Oromia,7.6667,36.8333,Africa/Addis_Ababa,,jimma oromia ethiopia etiopia et
Adama,Adama,Etiopia,ET,Oromia,8.54,39.27,Africa/Addis_Ababa,,adama nazret oromia ethiopia etiopia et
Harar,Harar,Etiopia,ET,Harari,9.3139,42.1181,Africa/Addis_Ababa,,harar harari ethiopia etiopia et
Nairobi,Nairobi,Kenya,KE,Nairobi,-1.2921,36.8219,Africa/Nairobi,,nairobi kenya ke
Cape Town,Cape Town,Sudafrica,ZA,Western Cape,-33.9249,18.4241,Africa/Johannesburg,,cape town citta del capo south africa sudafrica za
Pretoria,Pretoria,Sudafrica,ZA,Gauteng,-25.7479,28.2293,Africa/Johannesburg,,pretoria south africa sudafrica za
Cairo,Cairo,Egitto,EG,Cairo,30.0444,31.2357,Africa/Cairo,,cairo il cairo egypt egitto eg
Rabat,Rabat,Marocco,MA,Rabat-Sale-Kenitra,34.0209,-6.8416,Africa/Casablanca,,rabat morocco marocco ma
Algiers,Algiers,Algeria,DZ,Algiers,36.7538,3.0588,Africa/Algiers,,algiers algeri algeria dz
Tunis,Tunis,Tunisia,TN,Tunis,36.8065,10.1815,Africa/Tunis,,tunis tunisi tunisia tn
Tripoli,Tripoli,Libia,LY,Tripoli,32.8872,13.1913,Africa/Tripoli,,tripoli libya libia ly
Dakar,Dakar,Senegal,SN,Dakar,14.7167,-17.4677,Africa/Dakar,,dakar senegal sn
Accra,Accra,Ghana,GH,Greater Accra,5.6037,-0.187,Africa/Accra,,accra ghana gh
Abuja,Abuja,Nigeria,NG,FCT,9.0765,7.3986,Africa/Lagos,,abuja nigeria ng
Kampala,Kampala,Uganda,UG,Central,0.3476,32.5825,Africa/Kampala,,kampala uganda ug
Kigali,Kigali,Rwanda,RW,Kigali,-1.9441,30.0619,Africa/Kigali,,kigali rwanda rw
Dodoma,Dodoma,Tanzania,TZ,Dodoma,-6.163,35.7516,Africa/Dar_es_Salaam,,dodoma tanzania tz
Paris,Paris,Francia,FR,Ile-de-France,48.8566,2.3522,Europe/Paris,,paris parigi france francia fr
London,London,Regno Unito,GB,England,51.5072,-0.1276,Europe/London,,london londra united kingdom regno unito gb uk
Berlin,Berlin,Germania,DE,Berlin,52.52,13.405,Europe/Berlin,,berlin berlino germany germania de
Madrid,Madrid,Spagna,ES,Madrid,40.4168,-3.7038,Europe/Madrid,,madrid spain spagna es
Lisbon,Lisbon,Portogallo,PT,Lisbon,38.7223,-9.1393,Europe/Lisbon,,lisbon lisbona portugal portogallo pt
Vienna,Vienna,Austria,AT,Vienna,48.2082,16.3738,Europe/Vienna,,vienna wien austria at
Bern,Bern,Svizzera,CH,Bern,46.948,7.4474,Europe/Zurich,,bern berna switzerland svizzera ch
Brussels,Brussels,Belgio,BE,Brussels,50.8503,4.3517,Europe/Brussels,,brussels bruxelles belgio belgium be
Amsterdam,Amsterdam,Paesi Bassi,NL,North Holland,52.3676,4.9041,Europe/Amsterdam,,amsterdam netherlands paesi bassi holland nl
Copenhagen,Copenhagen,Danimarca,DK,Capital Region,55.6761,12.5683,Europe/Copenhagen,,copenhagen copenaghen denmark danimarca dk
Oslo,Oslo,Norvegia,NO,Oslo,59.9139,10.7522,Europe/Oslo,,oslo norway norvegia no
Stockholm,Stockholm,Svezia,SE,Stockholm,59.3293,18.0686,Europe/Stockholm,,stockholm sweden svezia se
Helsinki,Helsinki,Finlandia,FI,Uusimaa,60.1699,24.9384,Europe/Helsinki,,helsinki finland finlandia fi
Reykjavik,Reykjavik,Islanda,IS,Capital Region,64.1466,-21.9426,Atlantic/Reykjavik,,reykjavik iceland islanda is
Dublin,Dublin,Irlanda,IE,Leinster,53.3498,-6.2603,Europe/Dublin,,dublin ireland irlanda ie
Warsaw,Warsaw,Polonia,PL,Masovian,52.2297,21.0122,Europe/Warsaw,,warsaw varsavia poland polonia pl
Prague,Prague,Cechia,CZ,Prague,50.0755,14.4378,Europe/Prague,,prague praga czechia cechia cz
Budapest,Budapest,Ungheria,HU,Budapest,47.4979,19.0402,Europe/Budapest,,budapest hungary ungheria hu
Athens,Athens,Grecia,GR,Attica,37.9838,23.7275,Europe/Athens,,athens atene greece grecia gr
Bucharest,Bucharest,Romania,RO,Bucharest,44.4268,26.1025,Europe/Bucharest,,bucharest bucarest romania ro
Sofia,Sofia,Bulgaria,BG,Sofia,42.6977,23.3219,Europe/Sofia,,sofia bulgaria bg
Zagreb,Zagreb,Croazia,HR,Zagreb,45.815,15.9819,Europe/Zagreb,,zagreb croatia croazia hr
Belgrade,Belgrade,Serbia,RS,Belgrade,44.7866,20.4489,Europe/Belgrade,,belgrade belgrado serbia rs
Ljubljana,Ljubljana,Slovenia,SI,Ljubljana,46.0569,14.5058,Europe/Ljubljana,,ljubljana slovenia si
Sarajevo,Sarajevo,Bosnia ed Erzegovina,BA,Sarajevo,43.8563,18.4131,Europe/Sarajevo,,sarajevo bosnia ba
Tirana,Tirana,Albania,AL,Tirana,41.3275,19.8187,Europe/Tirane,,tirana albania al
Ankara,Ankara,Turchia,TR,Ankara,39.9334,32.8597,Europe/Istanbul,,ankara turkey turchia tr
Kyiv,Kyiv,Ucraina,UA,Kyiv,50.4501,30.5234,Europe/Kyiv,,kyiv kiev ukraine ucraina ua
Moscow,Moscow,Russia,RU,Moscow,55.7558,37.6173,Europe/Moscow,,moscow mosca russia ru
Washington,Washington,Stati Uniti,US,District of Columbia,38.9072,-77.0369,America/New_York,,washington dc united states stati uniti us usa
New York,New York,Stati Uniti,US,New York,40.7128,-74.006,America/New_York,,new york nyc united states stati uniti us usa
Los Angeles,Los Angeles,Stati Uniti,US,California,34.0522,-118.2437,America/Los_Angeles,,los angeles la california united states stati uniti us usa
Chicago,Chicago,Stati Uniti,US,Illinois,41.8781,-87.6298,America/Chicago,,chicago illinois united states stati uniti us usa
Ottawa,Ottawa,Canada,CA,Ontario,45.4215,-75.6972,America/Toronto,,ottawa canada ca
Toronto,Toronto,Canada,CA,Ontario,43.6532,-79.3832,America/Toronto,,toronto canada ca
Mexico City,Mexico City,Messico,MX,Ciudad de Mexico,19.4326,-99.1332,America/Mexico_City,,mexico city citta del messico messico mexico mx
Guatemala City,Guatemala City,Guatemala,GT,Guatemala,14.6349,-90.5069,America/Guatemala,,guatemala city guatemala gt
San Jose,San Jose,Costa Rica,CR,San Jose,9.9281,-84.0907,America/Costa_Rica,,san jose costa rica cr
Panama City,Panama City,Panama,PA,Panama,8.9824,-79.5199,America/Panama,,panama city panama pa
Havana,Havana,Cuba,CU,Havana,23.1136,-82.3666,America/Havana,,havana havana cuba cu
Bogota,Bogota,Colombia,CO,Bogota,4.711,-74.0721,America/Bogota,,bogota colombia co
Quito,Quito,Ecuador,EC,Pichincha,-0.1807,-78.4678,America/Guayaquil,,quito ecuador ec
Lima,Lima,Peru,PE,Lima,-12.0464,-77.0428,America/Lima,,lima peru pe
La Paz,La Paz,Bolivia,BO,La Paz,-16.4897,-68.1193,America/La_Paz,,la paz bolivia bo
Santiago,Santiago,Cile,CL,Metropolitana,-33.4489,-70.6693,America/Santiago,,santiago chile cile cl
Buenos Aires,Buenos Aires,Argentina,AR,Buenos Aires,-34.6037,-58.3816,America/Argentina/Buenos_Aires,,buenos aires argentina ar
Montevideo,Montevideo,Uruguay,UY,Montevideo,-34.9011,-56.1645,America/Montevideo,,montevideo uruguay uy
Asuncion,Asuncion,Paraguay,PY,Asuncion,-25.2637,-57.5759,America/Asuncion,,asuncion paraguay py
Brasilia,Brasilia,Brasile,BR,Distrito Federal,-15.7939,-47.8828,America/Sao_Paulo,,brasilia brazil brasile br
Sao Paulo,Sao Paulo,Brasile,BR,Sao Paulo,-23.5558,-46.6396,America/Sao_Paulo,,sao paulo san paolo brazil brasile br
Tokyo,Tokyo,Giappone,JP,Tokyo,35.6762,139.6503,Asia/Tokyo,,tokyo tokio japan giappone jp
Seoul,Seoul,Corea del Sud,KR,Seoul,37.5665,126.978,Asia/Seoul,,seoul korea corea sud kr
Beijing,Beijing,Cina,CN,Beijing,39.9042,116.4074,Asia/Shanghai,,beijing pechino china cina cn
Shanghai,Shanghai,Cina,CN,Shanghai,31.2304,121.4737,Asia/Shanghai,,shanghai china cina cn
Taipei,Taipei,Taiwan,TW,Taipei,25.033,121.5654,Asia/Taipei,,taipei taiwan tw
Hong Kong,Hong Kong,Hong Kong,HK,Hong Kong,22.3193,114.1694,Asia/Hong_Kong,,hong kong hk
Bangkok,Bangkok,Thailandia,TH,Bangkok,13.7563,100.5018,Asia/Bangkok,,bangkok thailand thailandia th
Hanoi,Hanoi,Vietnam,VN,Hanoi,21.0278,105.8342,Asia/Bangkok,,hanoi vietnam vn
Singapore,Singapore,Singapore,SG,Singapore,1.3521,103.8198,Asia/Singapore,,singapore sg
Jakarta,Jakarta,Indonesia,ID,Jakarta,-6.2088,106.8456,Asia/Jakarta,,jakarta indonesia id
Manila,Manila,Filippine,PH,Metro Manila,14.5995,120.9842,Asia/Manila,,manila philippines filippine ph
Kuala Lumpur,Kuala Lumpur,Malesia,MY,Kuala Lumpur,3.139,101.6869,Asia/Kuala_Lumpur,,kuala lumpur malaysia malesia my
New Delhi,New Delhi,India,IN,Delhi,28.6139,77.209,Asia/Kolkata,,new delhi delhi india in
Mumbai,Mumbai,India,IN,Maharashtra,19.076,72.8777,Asia/Kolkata,,mumbai bombay india in
Kathmandu,Kathmandu,Nepal,NP,Bagmati,27.7172,85.324,Asia/Kathmandu,,kathmandu nepal np
Dhaka,Dhaka,Bangladesh,BD,Dhaka,23.8103,90.4125,Asia/Dhaka,,dhaka bangladesh bd
Islamabad,Islamabad,Pakistan,PK,Islamabad,33.6844,73.0479,Asia/Karachi,,islamabad pakistan pk
Tehran,Tehran,Iran,IR,Tehran,35.6892,51.389,Asia/Tehran,,tehran iran ir
Baghdad,Baghdad,Iraq,IQ,Baghdad,33.3152,44.3661,Asia/Baghdad,,baghdad iraq iq
Jerusalem,Jerusalem,Israele,IL,Jerusalem,31.7683,35.2137,Asia/Jerusalem,,jerusalem gerusalemme israel israele il
Amman,Amman,Giordania,JO,Amman,31.9539,35.9106,Asia/Amman,,amman jordan giordania jo
Riyadh,Riyadh,Arabia Saudita,SA,Riyadh,24.7136,46.6753,Asia/Riyadh,,riyadh saudi arabia arabia saudita sa
Doha,Doha,Qatar,QA,Doha,25.2854,51.531,Asia/Qatar,,doha qatar qa
Abu Dhabi,Abu Dhabi,Emirati Arabi Uniti,AE,Abu Dhabi,24.4539,54.3773,Asia/Dubai,,abu dhabi united arab emirates emirati ae
Dubai,Dubai,Emirati Arabi Uniti,AE,Dubai,25.2048,55.2708,Asia/Dubai,,dubai emirati ae
Sydney,Sydney,Australia,AU,New South Wales,-33.8688,151.2093,Australia/Sydney,,sydney australia au
Canberra,Canberra,Australia,AU,Australian Capital Territory,-35.2809,149.13,Australia/Sydney,,canberra australia au
Melbourne,Melbourne,Australia,AU,Victoria,-37.8136,144.9631,Australia/Melbourne,,melbourne australia au
Wellington,Wellington,Nuova Zelanda,NZ,Wellington,-41.2865,174.7762,Pacific/Auckland,,wellington new zealand nuova zelanda nz
Auckland,Auckland,Nuova Zelanda,NZ,Auckland,-36.8509,174.7645,Pacific/Auckland,,auckland new zealand nuova zelanda nz
