object_id,short_description,observing_notes,best_seen,difficulty_naked_eye,difficulty_binocular,difficulty_small_scope,difficulty_medium_scope,difficulty_large_scope
moon,"La Luna è il bersaglio più familiare del cielo, ma cambia volto ogni notte. Il momento migliore non è la fase piena: lungo il terminatore, dove luce e ombra si incontrano, crateri, montagne e mari acquistano rilievo. Anche un piccolo strumento mostra dettagli reali e permette di seguire come l'illuminazione trasforma il paesaggio da una sera all'altra.","Osserva soprattutto vicino al Primo e all'Ultimo Quarto; lungo il terminatore usa ingrandimenti moderati e, se serve, un filtro lunare.",Tutte le fasi tranne Luna piena,Facile,Facile,Facile,Facile,Facile
mercury,"Mercurio è una sfida più che uno spettacolo. Resta sempre vicino al Sole e concede finestre brevi, basse sull'orizzonte, poco prima dell'alba o subito dopo il tramonto. Nel telescopio appare piccolo e spesso tremolante, ma riuscire a intercettarne la fase è una soddisfazione da osservatore attento. Conta più il tempismo che l'apertura dello strumento.",Serve orizzonte libero e massima prudenza: non puntare mai vicino al Sole.,Massime elongazioni,Difficile,Difficile,Difficile,Media,Media
venus,"Venere domina il crepuscolo con una luminosità quasi irreale. Al telescopio non mostra superfici, perché è coperto da nubi dense, ma rivela fasi eleganti simili a quelle lunari. È un oggetto ottimo anche da città: la sua forza sta nel seguire come cambia forma e diametro apparente nel corso dei mesi. Quando è alto, regge bene ingrandimenti moderati.",Osservalo quando è alto nel cielo; un filtro neutro o colorato può rendere la fase più confortevole.,Crepuscolo o alba secondo elongazione,Facile,Facile,Facile,Facile,Facile
mars,"Marte è un pianeta di pazienza. Nei periodi lontani dall'opposizione può sembrare solo un piccolo disco aranciato, ma quando si avvicina alla Terra diventa vivo: calotte polari, zone scure e variazioni atmosferiche possono comparire a tratti. Il seeing decide quasi tutto. È uno di quei bersagli che premia chi torna a guardarlo più volte nella stessa stagione.",Usa ingrandimenti medi o alti solo con seeing stabile; filtri colorati possono aiutare il contrasto.,Intorno all'opposizione,Media,Media,Media,Facile,Facile
jupiter,"Giove è il pianeta più dinamico per un telescopio amatoriale. Le bande equatoriali cambiano aspetto, la Grande Macchia Rossa ruota dentro e fuori dal disco, e i satelliti galileiani costruiscono ogni sera una configurazione diversa. Anche piccoli strumenti mostrano subito qualcosa di reale e mutevole. È il bersaglio ideale quando vuoi vedere un pianeta vivo, non una semplice luce brillante.",Attendi che superi bene l'orizzonte; seeing stabile e ingrandimenti medi danno più dei massimi ingrandimenti.,Quando supera 30 gradi di altezza,Facile,Facile,Facile,Facile,Facile
saturn,"Saturno è il pianeta che più spesso trasforma una serata qualunque in un ricordo. Gli anelli sono visibili anche con piccoli telescopi e rendono il pianeta inconfondibile; con seeing buono e apertura sufficiente si possono cogliere l'ombra degli anelli, la Divisione di Cassini e alcuni satelliti, primo fra tutti Titano. La visibilità dei dettagli cambia con la stabilità atmosferica e con l'inclinazione apparente degli anelli.","Osservalo vicino alla culminazione e aumenta gradualmente: la Divisione di Cassini richiede seeing stabile, buona messa a fuoco e un'apertura adeguata.",Quando supera 25 gradi di altezza,Media,Media,Facile,Facile,Facile
uranus,"Urano non colpisce per i dettagli, ma per la consapevolezza di ciò che stai osservando. Nel telescopio appare come un piccolo disco azzurro-verde, elegante e quasi perfettamente regolare. È il primo pianeta scoperto nell'era moderna e uno dei mondi più strani del Sistema Solare, con l'asse di rotazione inclinato di quasi 98 gradi. Distinguerlo dalle stelle è già una soddisfazione osservativa notevole.",Serve puntamento preciso; cerca il colore e il minuscolo disco invece di dettagli superficiali.,Opposizione,Difficile,Difficile,Media,Media,Facile
neptune,"Nettuno è un bersaglio sottile e remoto. All'oculare appare come un minuscolo disco azzurro che può restare quasi stellare con strumenti piccoli, ma sapere che quella luce arriva dall'ultimo pianeta maggiore del Sistema Solare dà all'osservazione una scala particolare. Il vero risultato è identificarlo con certezza e distinguerlo dalle stelle del campo.","Usa una carta aggiornata o un puntamento accurato, poi aumenta l'ingrandimento per verificare che resti un piccolo disco invece di un punto stellare.",Opposizione,Non realistico,Difficile,Difficile,Media,Media
messier-M1,"M1, la Nebulosa del Granchio, è il resto della supernova osservata nel 1054 nella costellazione del Toro. All'oculare è una chiazza ovale tenue, priva dell'aspetto filamentoso mostrato dalle fotografie, ma collega direttamente l'osservatore alla morte esplosiva di una stella. Cielo scuro e pazienza fanno una differenza maggiore dell'ingrandimento.","Usa ingrandimenti bassi o medi, visione distolta e un cielo trasparente; un filtro UHC può aiutare moderatamente, mentre l'OIII non è sempre la scelta migliore.",Autunno e inverno,Non realistico,Difficile,Difficile,Media,Media
messier-M2,"M2 è un ammasso globulare in Acquario. È un globulare antico e compatto, lontano dal piano della Via Lattea; appare prima come una macchia densa, poi lentamente lascia intuire il bordo granuloso.",Confronta nucleo e periferia; la risoluzione in stelle comincia quasi sempre dal bordo.,Estate e autunno,Difficile,Media,Media,Facile,Facile
messier-M3,M3 è uno dei più grandi e ricchi ammassi globulari del cielo boreale e contiene una popolazione eccezionalmente numerosa di stelle variabili. A basso ingrandimento mostra un nucleo luminoso immerso in un alone rotondo; con aperture medie il bordo comincia a risolversi in una fitta granulosità. È un ottimo esempio di come la risoluzione aumenti gradualmente dal margine verso il centro.,"Centralo a basso ingrandimento, poi sali finché le stelle periferiche iniziano a separarsi senza rendere il nucleo troppo scuro.",Primavera,Difficile,Media,Media,Facile,Facile
messier-M4,"M4 è uno degli ammassi globulari più vicini al Sistema Solare e si trova poco a ovest di Antares. È meno concentrato di molti altri globulari e, con apertura sufficiente, mostra una caratteristica barra di stelle che attraversa la regione centrale. La bassa altezza sull'orizzonte da molte località boreali può limitarne la resa.",Cercalo vicino ad Antares quando culmina; usa ingrandimenti medi per riconoscere la barra centrale e risolvere la periferia.,Estate,Difficile,Media,Media,Facile,Facile
messier-M5,"M5 (Rose Cluster) è un ammasso globulare in Serpente. È uno dei globulari più belli per telescopi amatoriali: luminoso, ampio e capace di trasformarsi da batuffolo a campo stellare granuloso.","Centralo a basso ingrandimento, poi sali gradualmente finché il bordo acquista granulosità senza perdere luminosità.",Primavera ed estate,Difficile,Media,Media,Facile,Facile
messier-M6,"M6 (Butterfly Cluster) è un ammasso aperto in Scorpione. Il soprannome Butterfly Cluster non è casuale: le stelle più luminose disegnano una figura aperta e leggera, molto piacevole a basso ingrandimento.",Parti da basso ingrandimento e conserva un margine di cielo attorno all'ammasso per apprezzarne forma e contrasto.,Estate,Media,Facile,Facile,Facile,Facile
messier-M7,"M7 (Ptolemy's Cluster) è un ammasso aperto in Scorpione. È noto fin dall'antichità e riempie il campo con una ricchezza stellare evidente; basso sull'orizzonte, diventa magnifico solo con sud libero e cielo trasparente.",Usa un campo ampio per riconoscere il gruppo; aumenta poi moderatamente per separare le componenti più strette.,Estate,Media,Facile,Facile,Facile,Facile
messier-M8,"M8 (Lagoon Nebula) è una nebulosa con ammasso stellare in Sagittario. La Laguna è una vera regione di formazione stellare: stelle giovani, gas luminoso e strutture scure convivono nello stesso campo.","Cielo trasparente e filtro UHC aiutano molto; alterna visione diretta e distolta per separare gas, stelle e zone scure.",Estate,Difficile,Media,Media,Facile,Facile
messier-M9,"M9 è un ammasso globulare in Ofiuco. È un globulare proiettato verso il centro della Via Lattea, quindi spesso immerso in campi ricchi e in una zona di cielo non sempre facile.","Dopo averlo centrato, prova più ingrandimenti e lascia all'occhio il tempo di adattarsi alla sua debole tessitura.",Estate,Non realistico,Difficile,Media,Media,Facile
messier-M10,"M10 è un ammasso globulare in Ofiuco. Fa coppia ideale con M12 in Ofiuco: è più compatto e dà il meglio quando l'ingrandimento inizia a separare il bordo esterno. La visione distolta mostra l'estensione dell'alone, mentre un ingrandimento medio aiuta a cogliere la tessitura delle regioni esterne.","Dopo averlo centrato, prova più ingrandimenti e lascia all'occhio il tempo di adattarsi alla sua debole tessitura.",Estate,Difficile,Media,Media,Facile,Facile
messier-M11,"M11, l'Ammasso dell'Anitra Selvatica, è uno degli ammassi aperti più ricchi e compatti del catalogo Messier. A basso ingrandimento può sembrare quasi una nube granulosa; aumentando la potenza si trasforma in una folla di stelle addensate attorno a una componente più luminosa. La sua densità lo fa apparire molto diverso dagli ammassi aperti più sparsi.","Usa prima un campo medio per coglierne la forma compatta, poi aumenta l'ingrandimento per risolvere la tessitura stellare.",Estate,Non realistico,Media,Facile,Facile,Facile
messier-M12,M12 è un ammasso globulare in Ofiuco. È un globulare più morbido e aperto di M10; studi moderni suggeriscono che abbia perso molte stelle leggere durante i passaggi nella Galassia.,Seeing stabile e buona messa a fuoco aiutano più di un aumento eccessivo degli ingrandimenti.,Estate,Difficile,Media,Media,Facile,Facile
messier-M13,"M13, il Grande Ammasso di Ercole, è il globulare più celebre del cielo boreale. Già in piccoli strumenti appare come una sfera luminosa ben concentrata; con aperture medie e buon seeing la periferia si risolve in innumerevoli stelle e possono emergere sottili catene scure, tra cui la cosiddetta Propeller. È uno dei bersagli migliori per capire quanto contino apertura, messa a fuoco e pazienza.",Centralo a basso ingrandimento e sali progressivamente; cerca prima la risoluzione del bordo e solo dopo le strutture più fini nel nucleo.,Primavera ed estate,Difficile,Facile,Facile,Facile,Facile
messier-M14,"M14 è un ammasso globulare in Ofiuco. È meno immediato dei globulari più famosi, ma contiene una popolazione stellare enorme; richiede buio e pazienza per uscire dal fondo cielo.",Usa visione distolta per l'alone e ingrandimenti medi per tentare la risoluzione delle stelle periferiche.,Estate,Non realistico,Difficile,Media,Media,Facile
messier-M15,"M15 (Great Pegasus Cluster) è un ammasso globulare in Pegaso. Ha uno dei nuclei più concentrati tra i globulari Messier, così denso da sembrare quasi puntiforme prima che il bordo si apra in stelle.","Centralo a basso ingrandimento, poi sali gradualmente finché il bordo acquista granulosità senza perdere luminosità.",Autunno,Difficile,Media,Media,Facile,Facile
messier-M16,"M16 (Eagle Nebula) è una nebulosa a emissione con ammasso stellare in Serpente. L'Aquila è famosa per i Pilastri della Creazione fotografati da Hubble, ma all'oculare l'ammasso è spesso più evidente della nebulosità.","Cielo trasparente e filtro UHC aiutano molto; alterna visione diretta e distolta per separare gas, stelle e zone scure.",Estate,Non realistico,Media,Media,Facile,Facile
messier-M17,"M17 (Omega, Swan, Horseshoe, Lobster, or Checkmark Nebula) è una nebulosa a emissione con ammasso stellare in Sagittario. La Nebulosa Omega, o Cigno, è tra le nebulose estive più riconoscibili: una barra luminosa che con filtro e cielo scuro prende forma.","Cielo trasparente e filtro UHC aiutano molto; alterna visione diretta e distolta per separare gas, stelle e zone scure.",Estate,Non realistico,Media,Media,Facile,Facile
messier-M18,"M18 (Black Swan Cluster) è un ammasso aperto in Sagittario. È un ammasso piccolo e discreto, spesso osservato di passaggio tra M17 e M24; il suo valore sta nel contesto ricchissimo del Sagittario.","Confronta ingrandimenti bassi e medi: il primo mostra la sagoma, il secondo mette in evidenza catene e coppie.",Estate,Non realistico,Media,Facile,Facile,Facile
messier-M19,"M19 è un ammasso globulare in Ofiuco. È un globulare dalla forma leggermente allungata, più interessante di quanto sembri a prima vista quando il seeing permette di alzare l'ingrandimento.",Confronta nucleo e periferia; la risoluzione in stelle comincia quasi sempre dal bordo.,Estate,Non realistico,Difficile,Media,Media,Facile
messier-M20,"M20 (Trifid Nebula) è una nebulosa a emissione con ammasso stellare in Sagittario. La Trifida unisce nebulosa a emissione, riflessione e bande oscure: in visuale è difficile, ma quando il cielo è buono mostra un carattere unico.","Cielo trasparente e filtro UHC aiutano molto; alterna visione diretta e distolta per separare gas, stelle e zone scure.",Estate,Non realistico,Difficile,Difficile,Media,Facile
messier-M21,"M21 (Webb's Cross Cluster) è un ammasso aperto in Sagittario. È il piccolo compagno stellare della Trifida, meno famoso ma utile per dare respiro al campo e completare la zona di M20.","Confronta ingrandimenti bassi e medi: il primo mostra la sagoma, il secondo mette in evidenza catene e coppie.",Estate,Non realistico,Media,Facile,Facile,Facile
messier-M22,"M22 è uno dei globulari più luminosi e spettacolari visibili dalle medie latitudini boreali. È ampio, relativamente poco concentrato e si risolve con facilità maggiore rispetto a molti ammassi simili, soprattutto quando è alto sull'orizzonte. In un telescopio medio può riempire il campo di stelle, con un nucleo meno compatto di M13.",Osservalo alla culminazione con ingrandimenti medi; la periferia ampia e ricca merita un campo non troppo stretto.,Estate,Difficile,Facile,Facile,Facile,Facile
messier-M23,"M23 è un ammasso aperto in Sagittario. È un ammasso ampio e ricco, immerso nella Via Lattea estiva; rende meglio quando lasci spazio intorno invece di spingerlo troppo con gli ingrandimenti.",Parti da basso ingrandimento e conserva un margine di cielo attorno all'ammasso per apprezzarne forma e contrasto.,Estate,Media,Facile,Facile,Facile,Facile
messier-M24,"M24 (Small Sagittarius Star Cloud) è una nube stellare della Via Lattea in Sagittario. Non è un ammasso singolo ma una nube stellare, una finestra luminosa verso regioni interne della Galassia. È pensato per binocoli e bassi ingrandimenti.","Preferisci binocolo o bassissimo ingrandimento: il valore è l'ampiezza della nube stellare, non il dettaglio minuto.",Estate,Media,Facile,Facile,Media,Media
messier-M25,"M25 è un ammasso aperto in Sagittario. È un ammasso aperto luminoso e rilassante, con stelle abbastanza sparse da disegnare subito una struttura; nel campo spicca anche una variabile Cefeide.",Parti da basso ingrandimento e conserva un margine di cielo attorno all'ammasso per apprezzarne forma e contrasto.,Estate,Media,Facile,Facile,Facile,Facile
messier-M26,"M26 è un ammasso aperto in Scudo. È compatto e parzialmente penalizzato da polveri interstellari, quindi appare più delicato di altri ammassi nello Scudo. Il piacere osservativo sta nel separare il gruppo dal fondo stellare e nel riconoscere come le stelle più brillanti ne definiscono la struttura.",Usa un campo ampio per riconoscere il gruppo; aumenta poi moderatamente per separare le componenti più strette.,Estate,Non realistico,Media,Media,Facile,Facile
messier-M27,"M27, la Nebulosa Manubrio, è una delle nebulose planetarie più grandi e luminose del cielo. La parte centrale ricorda un manubrio o una clessidra, mentre sotto cieli scuri l'alone esterno rende la forma più ovale. Risponde bene ai filtri nebulari e sopporta ingrandimenti diversi, diventando un bersaglio molto istruttivo.","Parti da basso ingrandimento per l'estensione completa, poi prova UHC e OIII e sali moderatamente per studiare la zona centrale.",Estate e autunno,Non realistico,Media,Media,Facile,Facile
messier-M28,"M28 è un ammasso globulare in Sagittario. È un globulare compatto vicino al cuore del Sagittario; meno scenografico di M22, ma interessante per la sua densità e per il campo stellare circostante.",Confronta nucleo e periferia; la risoluzione in stelle comincia quasi sempre dal bordo.,Estate,Non realistico,Difficile,Media,Media,Facile
messier-M29,"M29 (Cooling Tower Cluster) è un ammasso aperto in Cigno. È piccolo e un po' nascosto dalla polvere del Cigno; non impressiona per numero di stelle, ma sta in una regione estiva molto piacevole da esplorare.","Confronta ingrandimenti bassi e medi: il primo mostra la sagoma, il secondo mette in evidenza catene e coppie.",Estate,Non realistico,Media,Facile,Facile,Facile
messier-M30,"M30 (Jellyfish Cluster) è un ammasso globulare in Capricorno. È un globulare compatto e basso, con un nucleo brillante e code stellari che diventano visibili solo quando il cielo collabora.",Seeing stabile e buona messa a fuoco aiutano più di un aumento eccessivo degli ingrandimenti.,Autunno,Non realistico,Difficile,Media,Media,Facile
messier-M31,"M31, la Galassia di Andromeda, è la grande spirale più vicina alla Via Lattea e l'oggetto più lontano normalmente visibile a occhio nudo. Binocolo e piccoli telescopi mostrano soprattutto il nucleo brillante e un alone allungato molto più esteso del campo; sotto cieli scuri compaiono le bande di polveri e le galassie satelliti M32 e M110. La sua vera dimensione si apprezza meglio con bassi ingrandimenti.","Usa binocolo o il campo più ampio disponibile; cerca M32 e M110 e, con cielo scuro, segui le bande di polveri sul lato nord-occidentale.",Autunno,Media,Facile,Facile,Facile,Facile
messier-M32,"M32 (Andromeda Satellite #1) è una galassia ellittica nana in Andromeda. È la piccola compagna ellittica di Andromeda: nel campo di M31 appare come un nucleo compatto, quasi una stella gonfia, ma è una galassia autonoma.",Usa bassi o medi ingrandimenti e confrontala con M31: il contrasto tra nucleo e alone è il dettaglio utile.,Autunno,Non realistico,Difficile,Media,Facile,Facile
messier-M33,"M33 (Triangulum/Pinwheel Galaxy) è una galassia spirale in Triangolo. La Galassia del Triangolo è grande e vicina, ma la sua luce è distribuita su un'area enorme. Con cielo scuro diventa una delle sfide più belle a basso ingrandimento.",Lascia l'occhio sul campo per alcuni minuti; l'alone esterno emerge più con il tempo che con la potenza.,Autunno,Non realistico,Media,Media,Facile,Facile
messier-M34,"M34 (Spiral Cluster) è un ammasso aperto in Perseo. È un ammasso aperto largo e arioso, perfetto per passare dal binocolo al telescopio senza perdere il senso del campo stellare.",Parti da basso ingrandimento e conserva un margine di cielo attorno all'ammasso per apprezzarne forma e contrasto.,Autunno,Difficile,Facile,Facile,Facile,Facile
messier-M35,"M35 (Shoe-Buckle Cluster) è un ammasso aperto in Gemelli. È uno degli ammassi invernali più belli: ampio, brillante e pieno di stelle. Accanto, con aperture maggiori, si intuisce il più remoto NGC 2158.",Binocolo o cercatore possono già mostrarne la forma; il telescopio serve a esplorarne le componenti.,Inverno,Difficile,Facile,Facile,Facile,Facile
messier-M36,"M36 (Pinwheel Cluster) è un ammasso aperto in Auriga. È il più compatto del trio di Auriga, brillante e facile da riconoscere. Funziona bene come primo passo in una scansione degli ammassi invernali.",Evita di riempire tutto il campo: il contesto stellare è parte essenziale dell'osservazione.,Inverno,Non realistico,Facile,Facile,Facile,Facile
messier-M37,"M37 (Salt and Pepper Cluster) è un ammasso aperto in Auriga. È il più ricco e fine degli ammassi di Auriga: tante stelle minute, un centro denso e una sensazione più profonda rispetto ai vicini M36 e M38.",Evita di riempire tutto il campo: il contesto stellare è parte essenziale dell'osservazione.,Inverno,Non realistico,Facile,Facile,Facile,Facile
messier-M38,"M38 (Starfish Cluster) è un ammasso aperto in Auriga. Ha una struttura larga e irregolare, spesso descritta come una stella marina. È meno concentrato di M37, ma molto gradevole in campi ampi.",Usa un campo ampio per riconoscere il gruppo; aumenta poi moderatamente per separare le componenti più strette.,Inverno,Non realistico,Media,Facile,Facile,Facile
messier-M39,"M39 (Pyramid Cluster) è un ammasso aperto in Cigno. È un ammasso sparso nel Cigno, quasi più da binocolo che da telescopio. Il suo fascino è la semplicità: poche stelle luminose in una zona estiva ricchissima.",Binocolo o cercatore possono già mostrarne la forma; il telescopio serve a esplorarne le componenti.,Estate e autunno,Difficile,Facile,Facile,Facile,Facile
messier-M40,"M40 (Winnecke 4) è una doppia ottica in Orsa Maggiore. È una curiosità storica del catalogo: una coppia apparente di stelle, non un oggetto profondo. Vale la pena osservarla proprio per capire la logica originale di Messier.",Usa ingrandimenti bassi o medi e considerala come curiosità storica più che come bersaglio deep sky.,Primavera ed estate,Non realistico,Difficile,Media,Facile,Facile
messier-M41,"M41 (Little Beehive Cluster) è un ammasso aperto in Cane Maggiore. Sotto Sirio, M41 è un ammasso brillante e facile, già piacevole con strumenti piccoli. Le stelle luminose lo rendono uno dei migliori bersagli invernali rapidi.","Confronta ingrandimenti bassi e medi: il primo mostra la sagoma, il secondo mette in evidenza catene e coppie.",Inverno,Media,Facile,Facile,Facile,Facile
messier-M42,"M42, la Grande Nebulosa di Orione, è la più spettacolare regione di formazione stellare facilmente visibile dall'emisfero boreale. Anche da città mostra un nucleo luminoso attorno al Trapezio; sotto cieli scuri ali, archi e zone scure si estendono molto oltre la parte centrale. È un oggetto capace di offrire dettagli sia a bassi sia ad alti ingrandimenti.","Inizia senza filtro per osservare il Trapezio, poi prova UHC o OIII a basso ingrandimento per seguire le ali più deboli.",Inverno,Non realistico,Media,Media,Facile,Facile
messier-M43,"M43 (De Mairan's Nebula) è una nebulosa a emissione nella regione di Orione in Orione. È la piccola regione nebulare accanto a M42, separata da una banda scura. Non va guardata da sola: il suo interesse nasce dal confronto con la grande nebulosa.",Osservala insieme a M42: il confronto tra le due regioni rende più leggibile la struttura della nebulosa.,Inverno,Non realistico,Difficile,Media,Media,Facile
messier-M44,"M44, il Presepe, è un ammasso aperto grande e vicino, visibile a occhio nudo come una chiazza luminosa sotto un buon cielo. Il binocolo lo trasforma in un campo ampio di stelle sparse, con coppie e piccoli gruppi che si distribuiscono su un'area maggiore della Luna piena. Un telescopio a lunga focale rischia di mostrarne solo una parte.",Preferisci binocolo o telescopio a campo molto ampio; mantieni l'intero ammasso nell'inquadratura.,Primavera,Media,Facile,Facile,Facile,Facile
messier-M45,"M45, le Pleiadi, è un ammasso aperto giovane e vicino, dominato da stelle azzurre molto luminose. A occhio nudo mostra il noto piccolo grappolo; al binocolo compaiono decine di componenti e l'insieme assume una profondità notevole. La nebulosità a riflessione attorno alle stelle principali è fotografica e, visualmente, richiede cielo eccellente e grande trasparenza.",Osservale con binocolo o bassissimo ingrandimento; non usare filtri nebulari e cerca la tenue nebulosità solo sotto un cielo molto trasparente.,Autunno,Media,Facile,Facile,Facile,Facile
messier-M46,"M46 è un ammasso aperto in Poppa. È un ammasso ricco con una sorpresa prospettica: la nebulosa planetaria NGC 2438 appare nel campo come un piccolo anello fantasma. All'oculare conta soprattutto il disegno del gruppo: densità, catene, vuoti e differenze di luminosità emergono meglio mantenendo un po' di cielo attorno.",Binocolo o cercatore possono già mostrarne la forma; il telescopio serve a esplorarne le componenti.,Inverno,Difficile,Facile,Facile,Facile,Facile
messier-M47,"M47 è un ammasso aperto in Poppa. È più aperto e luminoso di M46, meno fitto ma immediato. Insieme formano una coppia perfetta per confrontare due ammassi molto diversi. Il piacere osservativo sta nel separare il gruppo dal fondo stellare e nel riconoscere come le stelle più brillanti ne definiscono la struttura.",Usa un campo ampio per riconoscere il gruppo; aumenta poi moderatamente per separare le componenti più strette.,Inverno,Media,Facile,Facile,Facile,Facile
messier-M48,"M48 è un ammasso aperto in Idra. È grande, luminoso e spesso sottovalutato. Con bassi ingrandimenti mostra una struttura ampia e rilassata, ottima per cieli invernali o primaverili.",Binocolo o cercatore possono già mostrarne la forma; il telescopio serve a esplorarne le componenti.,Primavera,Difficile,Facile,Facile,Facile,Facile
messier-M49,"M49 è una galassia ellittica in Vergine. È una grande ellittica dell'ammasso della Vergine: visualmente è una luce morbida e priva di dettagli, ma rappresenta una città stellare gigantesca.",Concentrati sul gradiente tra nucleo e alone; ingrandimenti moderati aiutano a separarla dal fondo.,Primavera ed estate,Non realistico,Difficile,Media,Facile,Facile
messier-M50,"M50 (Heart-Shaped Cluster) è un ammasso aperto in Unicorno. È un ammasso aperto compatto nell'Unicorno, spesso descritto con una forma a cuore. Non è famoso, ma offre una visione pulita e piacevole.","Confronta ingrandimenti bassi e medi: il primo mostra la sagoma, il secondo mette in evidenza catene e coppie.",Inverno,Difficile,Facile,Facile,Facile,Facile
messier-M51,"M51, la Galassia Vortice, è una spirale vista quasi di faccia in interazione con la compagna NGC 5195. In piccoli strumenti si distinguono due nuclei immersi in un alone comune; sotto cieli scuri e con aperture medie i bracci possono apparire come variazioni arcuate di luminosità e il ponte verso la compagna diventa intuibile. È uno dei migliori bersagli per tentare struttura spirale visuale.","Individua prima i due nuclei, poi usa visione distolta e ingrandimenti medi per cercare archi e ponte luminoso.",Primavera ed estate,Non realistico,Difficile,Media,Facile,Facile
messier-M52,"M52 (Scorpion Cluster) è un ammasso aperto in Cassiopea. È un ammasso ricco vicino a Cassiopea, bello proprio perché denso e minuto. Richiede un po' di attenzione per separarlo dal campo stellare della Via Lattea.",Usa un campo ampio per riconoscere il gruppo; aumenta poi moderatamente per separare le componenti più strette.,Estate e autunno,Non realistico,Media,Facile,Facile,Facile
messier-M53,"M53 è un ammasso globulare in Chioma di Berenice. È un globulare remoto e compatto, vicino alla stella Diadem. Non è spettacolare come M13, ma ha un'eleganza raccolta e un nucleo molto netto.",Confronta nucleo e periferia; la risoluzione in stelle comincia quasi sempre dal bordo.,Primavera ed estate,Non realistico,Media,Media,Facile,Facile
messier-M54,M54 è un ammasso globulare in Sagittario. È un globulare particolare perché associato alla galassia nana del Sagittario: osservandolo guardi un oggetto legato a una piccola galassia in collisione con la nostra.,"Centralo a basso ingrandimento, poi sali gradualmente finché il bordo acquista granulosità senza perdere luminosità.",Estate,Non realistico,Media,Media,Facile,Facile
messier-M55,"M55 (Specter Cluster) è un ammasso globulare in Sagittario. È un globulare grande e relativamente sciolto: meno concentrato di molti altri, ma molto bello quando il cielo australe è pulito e trasparente.","Centralo a basso ingrandimento, poi sali gradualmente finché il bordo acquista granulosità senza perdere luminosità.",Estate,Non realistico,Media,Media,Facile,Facile
messier-M56,"M56 è un ammasso globulare in Lira. Sta tra Lira e Cigno, in una zona già ricca di bersagli. È un globulare discreto, più da serata paziente che da colpo d'occhio immediato.",Confronta nucleo e periferia; la risoluzione in stelle comincia quasi sempre dal bordo.,Estate,Non realistico,Difficile,Media,Facile,Facile
messier-M57,"M57, la Nebulosa Anello, è una planetaria compatta e ad alta luminosità superficiale nella Lira. Già con piccoli telescopi appare come un minuscolo anello o disco forato; aumentando l'ingrandimento il centro più scuro diventa netto e il bordo mostra luminosità non uniforme. La stella centrale è molto più difficile e richiede grande apertura e condizioni eccellenti.","Centralo a basso ingrandimento, poi sali con seeing stabile; un filtro OIII accentua l'anello, ma la stella centrale si cerca senza aspettative facili.",Estate,Non realistico,Difficile,Media,Media,Facile
messier-M58,"M58 è una galassia spirale barrata in Vergine. È una spirale barrata della Vergine, visualmente sobria ma interessante perché porta struttura galattica dentro un oggetto non facile da leggere all'oculare.",Individua prima nucleo e orientamento; barra e bracci richiedono cielo buio e osservazione prolungata.,Primavera ed estate,Non realistico,Non realistico,Difficile,Media,Facile
messier-M59,"M59 è una galassia ellittica in Vergine. È una ellittica dell'ammasso della Vergine: non offre dettagli evidenti, ma diventa significativa quando la osservi come parte di una rete di galassie vicine in cielo.",Cielo scuro e schermatura dalle luci parassite rendono più leggibili le regioni esterne.,Primavera ed estate,Non realistico,Non realistico,Difficile,Media,Facile
messier-M60,M60 è una galassia ellittica in Vergine. È una grande ellittica accanto alla spirale NGC 4647. Nel telescopio la coppia rende bene l'idea di quanto varia possa essere la popolazione della Vergine.,Cielo scuro e schermatura dalle luci parassite rendono più leggibili le regioni esterne.,Primavera ed estate,Non realistico,Difficile,Media,Media,Facile
messier-M61,"M61 (Swelling Spiral Galaxy) è una galassia spirale in Vergine. È una spirale vista quasi frontalmente, famosa anche per le sue supernovae. Con cielo buio può mostrare un nucleo deciso e un alone più irregolare.","Serve cielo buio: cerca prima nucleo, orientamento e alone, poi eventuali irregolarità con visione distolta.",Primavera ed estate,Non realistico,Non realistico,Difficile,Media,Facile
messier-M62,"M62 (Flickering Globular) è un ammasso globulare in Ofiuco. È un globulare asimmetrico e concentrato, vicino alla zona centrale della Galassia. La sua forma non perfettamente regolare lo rende più interessante del previsto.",Seeing stabile e buona messa a fuoco aiutano più di un aumento eccessivo degli ingrandimenti.,Estate,Non realistico,Media,Media,Facile,Facile
messier-M63,"M63 (Sunflower Galaxy) è una galassia spirale in Cani da Caccia. La Sunflower Galaxy ha bracci frammentati e venature di polvere nelle immagini profonde. In visuale è una luce ovale, ma con un'identità molto riconoscibile.","Confronta visione diretta e distolta, mantenendo un fondo cielo sufficientemente scuro.",Primavera ed estate,Non realistico,Difficile,Media,Media,Facile
messier-M64,"M64 (Black Eye Galaxy) è una galassia spirale in Chioma di Berenice. La Black Eye Galaxy è famosa per la banda scura vicino al nucleo. In strumenti medi e cielo buio, quel contrasto può diventare una vera conquista osservativa.",Usa ingrandimenti bassi o medi e proteggi l'occhio da ogni luce parassita.,Primavera ed estate,Non realistico,Difficile,Media,Facile,Facile
messier-M65,"M65 (Leo Triplet) è una galassia spirale barrata in Leone. È una delle tre galassie del Tripletto del Leone. Sottile e ordinata, dà il meglio quando la osservi insieme a M66 e NGC 3628 nello stesso percorso.","Cerca la barra come un allungamento centrale, senza aspettarti contorni netti.",Primavera,Non realistico,Difficile,Media,Media,Facile
messier-M66,"M66 (Leo Triplet) è una galassia spirale barrata in Leone. È la componente più evidente del Tripletto del Leone, con un nucleo forte e una forma più disturbata. È una galassia che racconta interazioni passate.","Cerca la barra come un allungamento centrale, senza aspettarti contorni netti.",Primavera,Non realistico,Difficile,Media,Media,Facile
messier-M67,"M67 (King Cobra or Golden Eye Cluster) è un ammasso aperto in Cancro. È uno degli ammassi aperti più antichi e studiati, molto diverso dai giovani ammassi azzurri. All'oculare appare ricco, maturo e sorprendentemente equilibrato.",Usa un campo ampio per riconoscere il gruppo; aumenta poi moderatamente per separare le componenti più strette.,Primavera,Non realistico,Facile,Facile,Facile,Facile
messier-M68,"M68 è un ammasso globulare in Idra. È un globulare in Idra, spesso basso e non immediato. Quando l'orizzonte sud è buono, mostra un nucleo compatto in un campo abbastanza solitario.",Usa visione distolta per l'alone e ingrandimenti medi per tentare la risoluzione delle stelle periferiche.,Primavera ed estate,Non realistico,Media,Media,Facile,Facile
messier-M69,"M69 è un ammasso globulare in Sagittario. È un globulare piccolo e concentrato nel Sagittario, meno spettacolare di M22 ma interessante per la sua popolazione stellare ricca di elementi pesanti.","Centralo a basso ingrandimento, poi sali gradualmente finché il bordo acquista granulosità senza perdere luminosità.",Estate,Non realistico,Media,Media,Facile,Facile
messier-M70,"M70 è un ammasso globulare in Sagittario. È un globulare compatto e difficile, vicino alla zona in cui fu scoperta la cometa Hale-Bopp. È un target da cielo trasparente, non da serata urbana.","Dopo averlo centrato, prova più ingrandimenti e lascia all'occhio il tempo di adattarsi alla sua debole tessitura.",Estate,Non realistico,Media,Media,Facile,Facile
messier-M71,"M71 (Angelfish Cluster) è un ammasso globulare in Freccia. È un oggetto ambiguo e affascinante, a metà tra globulare sciolto e ammasso molto denso. Nel campo della Freccia appare come una condensazione granulosa.","Dopo averlo centrato, prova più ingrandimenti e lascia all'occhio il tempo di adattarsi alla sua debole tessitura.",Estate,Non realistico,Difficile,Media,Facile,Facile
messier-M72,"M72 è un ammasso globulare in Acquario. È uno dei globulari più deboli del catalogo Messier. Non impressiona subito, ma è gratificante proprio perché richiede metodo e visione distolta.","Dopo averlo centrato, prova più ingrandimenti e lascia all'occhio il tempo di adattarsi alla sua debole tessitura.",Estate e autunno,Non realistico,Difficile,Media,Facile,Facile
messier-M73,"M73 è un piccolo asterismo in Acquario. È un piccolo asterismo di quattro stelle, più curiosità che spettacolo. La sua presenza nel catalogo ricorda quanto fosse pratico e osservativo il lavoro di Messier.",È un oggetto da contesto: vale più per la storia del catalogo che per spettacolarità visuale.,Estate e autunno,Non realistico,Difficile,Media,Facile,Facile
messier-M74,"M74 (Phantom Galaxy) è una galassia spirale in Pesci. La Phantom Galaxy è ampia, frontale e a bassa luminosità superficiale. È bellissima nelle immagini, ma in visuale premia solo cieli davvero bui.","Non inseguire subito i bracci: stabilisci prima forma, asse e concentrazione centrale.",Autunno,Non realistico,Difficile,Media,Media,Facile
messier-M75,"M75 è un ammasso globulare in Sagittario. È uno dei globulari più concentrati del catalogo, con un nucleo compatto e difficile da risolvere. Sembra piccolo, ma nasconde una densità notevole.",Seeing stabile e buona messa a fuoco aiutano più di un aumento eccessivo degli ingrandimenti.,Estate e autunno,Non realistico,Difficile,Media,Facile,Facile
messier-M76,"M76 (Little Dumbbell Nebula) è una nebulosa planetaria in Perseo. La Little Dumbbell è una planetaria impegnativa: piccola, debole e strutturata. Quando emerge, però, dà una soddisfazione superiore a molti oggetti più facili.",Regge bene ingrandimenti medi; un filtro OIII o UHC può farla staccare nettamente dal campo stellare.,Autunno,Non realistico,Non realistico,Difficile,Media,Facile
messier-M77,"M77 (Cetus A or Squid Galaxy) è una galassia spirale in Balena. È una galassia attiva, una Seyfert, con un nucleo energetico. All'oculare sembra una macchia compatta, ma fisicamente è un sistema molto potente.","Non inseguire subito i bracci: stabilisci prima forma, asse e concentrazione centrale.",Autunno,Non realistico,Difficile,Media,Media,Facile
messier-M78,"M78 è una nebulosa diffusa in Orione. È una nebulosa a riflessione: non brilla per gas ionizzato, ma per la luce di stelle giovani riflessa dalla polvere. Richiede trasparenza più che filtri aggressivi.","La trasparenza è decisiva; un filtro nebulari può aiutare, ma il contrasto del cielo resta il vero limite.",Inverno,Non realistico,Difficile,Media,Facile,Facile
messier-M79,"M79 è un ammasso globulare in Lepre. È un globulare invernale insolito, lontano dai classici campi estivi della Via Lattea. In Lepre appare compatto e sorprendente sotto Orione.",Seeing stabile e buona messa a fuoco aiutano più di un aumento eccessivo degli ingrandimenti.,Inverno,Non realistico,Media,Media,Facile,Facile
messier-M80,"M80 è un ammasso globulare in Scorpione. È un globulare molto denso nello Scorpione, piccolo ma intenso. Con aperture medie il bordo comincia a scintillare mentre il nucleo resta compatto.",Confronta nucleo e periferia; la risoluzione in stelle comincia quasi sempre dal bordo.,Estate,Non realistico,Media,Media,Facile,Facile
messier-M81,"M81 è una grande galassia spirale dell'Orsa Maggiore, luminosa e ben concentrata. All'oculare mostra un nucleo netto immerso in un alone ovale; i bracci sono sottili e difficili, ma il contrasto con la vicina M82 rende la coppia uno dei campi extragalattici più belli del cielo. Con un campo ampio entrambe possono entrare nella stessa inquadratura.","Usa basso ingrandimento per includere M82, poi aumenta moderatamente su M81 per seguire il gradiente del nucleo e l'alone.",Primavera,Non realistico,Media,Media,Facile,Facile
messier-M82,"M82, la Galassia Sigaro, è una galassia starburst vista di taglio e perturbata dall'interazione con M81. Il disco stretto è molto luminoso e, con aperture medie, mostra nodi e bande scure che lo spezzano in sezioni irregolari. È più ricca di dettagli visuali di molte galassie e forma una coppia memorabile con M81.","Osservala prima insieme a M81, poi usa ingrandimenti medi e visione distolta per cercare le fratture scure nel disco.",Primavera,Non realistico,Difficile,Media,Facile,Facile
messier-M83,"M83 (Southern Pinwheel Galaxy) è una galassia spirale barrata in Idra. La Southern Pinwheel è una grande spirale barrata, splendida ma bassa per molti osservatori europei. Quando sale abbastanza, è una delle galassie più gratificanti del sud.","Cerca la barra come un allungamento centrale, senza aspettarti contorni netti.",Primavera ed estate,Non realistico,Media,Media,Facile,Facile
messier-M84,"M84 è una galassia lenticolare in Vergine. È una ellittica della Catena di Markarian, più importante come tappa di navigazione galattica che come dettaglio singolo. Il fascino sta nel contesto.","Osservala come via di mezzo tra ellittica e spirale: profilo morbido, nucleo netto e pochi dettagli superficiali.",Primavera ed estate,Non realistico,Difficile,Media,Media,Facile
messier-M85,"M85 è una galassia lenticolare in Chioma di Berenice. È una galassia lenticolare morbida e luminosa, nella zona della Chioma di Berenice. Non urla dettagli, ma si inserisce bene in una caccia alle galassie primaverili.","Osservala come via di mezzo tra ellittica e spirale: profilo morbido, nucleo netto e pochi dettagli superficiali.",Primavera ed estate,Non realistico,Difficile,Media,Media,Facile
messier-M86,M86 è una galassia lenticolare in Vergine. È una delle grandi ellittiche della Catena di Markarian. Osservarla insieme a M84 e alle galassie vicine dà la sensazione di attraversare un ammasso intero.,"Osservala come via di mezzo tra ellittica e spirale: profilo morbido, nucleo netto e pochi dettagli superficiali.",Primavera ed estate,Non realistico,Difficile,Media,Media,Facile
messier-M87,"M87 (Virgo A) è una galassia ellittica in Vergine. È una galassia ellittica gigantesca, famosa per il buco nero fotografato dall'Event Horizon Telescope. In visuale è sobria, ma concettualmente enorme.","Non cercare bracci: osserva forma, concentrazione centrale e regolarità dell'alone.",Primavera ed estate,Non realistico,Difficile,Media,Media,Facile
messier-M88,"M88 è una galassia spirale in Chioma di Berenice. È una spirale inclinata dell'ammasso della Vergine, con un nucleo evidente. Serve cielo buio per andare oltre la semplice macchia ovale.","Serve cielo buio: cerca prima nucleo, orientamento e alone, poi eventuali irregolarità con visione distolta.",Primavera ed estate,Non realistico,Non realistico,Difficile,Media,Facile
messier-M89,"M89 è una galassia ellittica in Vergine. È una ellittica quasi rotonda, poco spettacolare ma utile per capire la varietà delle galassie nella Vergine. È un oggetto da osservazione sistematica.",Concentrati sul gradiente tra nucleo e alone; ingrandimenti moderati aiutano a separarla dal fondo.,Primavera ed estate,Non realistico,Non realistico,Difficile,Media,Facile
messier-M90,"M90 (Carabin Galaxy) è una galassia spirale in Vergine. È una grande spirale della Vergine con moto particolare rispetto a noi. All'oculare è delicata, ma il suo profilo allungato la rende riconoscibile.","Confronta visione diretta e distolta, mantenendo un fondo cielo sufficientemente scuro.",Primavera ed estate,Non realistico,Difficile,Media,Media,Facile
messier-M91,"M91 è una galassia spirale barrata in Chioma di Berenice. È una spirale barrata debole e storicamente problematica da identificare. Trovarla bene è già parte della soddisfazione, soprattutto sotto cielo suburbano.",Individua prima nucleo e orientamento; barra e bracci richiedono cielo buio e osservazione prolungata.,Primavera ed estate,Non realistico,Non realistico,Difficile,Media,Facile
messier-M92,"M92 è un ammasso globulare in Ercole. È un globulare magnifico spesso oscurato dalla fama di M13. Più compatto e antico nell'aspetto, merita una visita ogni volta che Ercole è alto.",Usa visione distolta per l'alone e ingrandimenti medi per tentare la risoluzione delle stelle periferiche.,Estate,Non realistico,Media,Media,Facile,Facile
messier-M93,"M93 (Critter Cluster) è un ammasso aperto in Poppa. È un ammasso aperto brillante nella Poppa, con una forma triangolare o a cuneo. È semplice, ma molto gradevole a bassi ingrandimenti.",Parti da basso ingrandimento e conserva un margine di cielo attorno all'ammasso per apprezzarne forma e contrasto.,Inverno,Difficile,Facile,Facile,Facile,Facile
messier-M94,M94 (Crocodile Eye or Cat's Eye Galaxy) è una galassia spirale in Cani da Caccia. Ha un nucleo molto luminoso circondato da strutture ad anello nelle immagini profonde. In visuale è una delle galassie più facili dei Cani da Caccia.,"Serve cielo buio: cerca prima nucleo, orientamento e alone, poi eventuali irregolarità con visione distolta.",Primavera ed estate,Non realistico,Difficile,Media,Facile,Facile
messier-M95,"M95 è una galassia spirale barrata in Leone. È una spirale barrata del gruppo del Leone, discreta e non immediata. Richiede cielo scuro per distinguersi bene dai compagni della zona.","Usa visione distolta e ingrandimenti moderati, evitando di scurire troppo l'alone esterno.",Primavera,Non realistico,Non realistico,Difficile,Media,Facile
messier-M96,"M96 è una galassia spirale in Leone. È una galassia luminosa del gruppo del Leone, più accessibile di M95. Mostra un nucleo evidente e un alone morbido con strumenti medi.","Serve cielo buio: cerca prima nucleo, orientamento e alone, poi eventuali irregolarità con visione distolta.",Primavera,Non realistico,Difficile,Media,Media,Facile
messier-M97,"M97 (Owl Nebula) è una nebulosa planetaria in Orsa Maggiore. La Owl Nebula è una planetaria ampia e tenue: gli 'occhi' sono una sfida visuale, ma anche senza vederli resta un bersaglio molto caratteristico.",Regge bene ingrandimenti medi; un filtro OIII o UHC può farla staccare nettamente dal campo stellare.,Primavera,Non realistico,Non realistico,Difficile,Media,Facile
messier-M98,"M98 è una galassia spirale in Chioma di Berenice. È una spirale vista quasi di taglio, lunga e sottile. La sua luce è debole e distribuita, quindi richiede cielo pulito e visione distolta.",Cielo scuro e visione distolta aiutano a seguire il disco sottile oltre il nucleo.,Primavera ed estate,Non realistico,Non realistico,Difficile,Media,Facile
messier-M99,M99 (St. Catherine's Wheel) è una galassia spirale in Chioma di Berenice. È una spirale frontale asimmetrica della Chioma di Berenice. Le immagini mostrano bracci spettacolari; in visuale il nucleo e l'alone sono la conquista realistica.,"Confronta visione diretta e distolta, mantenendo un fondo cielo sufficientemente scuro.",Primavera ed estate,Non realistico,Non realistico,Difficile,Media,Facile
messier-M100,"M100 (Mirror Galaxy) è una galassia spirale in Chioma di Berenice. È una grande spirale di tipo grand design nella Vergine, elegante e famosa nelle immagini. All'oculare è tenue, ma rappresenta bene la profondità dell'ammasso.","Non inseguire subito i bracci: stabilisci prima forma, asse e concentrazione centrale.",Primavera ed estate,Non realistico,Difficile,Media,Media,Facile
messier-M101,"M101 (Pinwheel Galaxy) è una galassia spirale in Orsa Maggiore. La Pinwheel Galaxy è enorme e vicina, ma a bassissima luminosità superficiale. Non perdona cieli chiari: quando appare, è una delle visioni più fini dell'Orsa Maggiore.",Lascia l'occhio sul campo per alcuni minuti; l'alone esterno emerge più con il tempo che con la potenza.,Primavera ed estate,Non realistico,Media,Media,Facile,Facile
messier-M102,"M102 (Spindle Galaxy) è una galassia lenticolare in Dragone. La Spindle Galaxy è sottile e vista di taglio, con una banda di polvere che nelle immagini la rende molto elegante. In visuale è compatta ma distinta.","Osservala come via di mezzo tra ellittica e spirale: profilo morbido, nucleo netto e pochi dettagli superficiali.",Primavera ed estate,Non realistico,Non realistico,Difficile,Media,Facile
messier-M103,"M103 è un ammasso aperto in Cassiopea. È un piccolo ammasso aperto in Cassiopea, facile da inserire in una scansione della Via Lattea autunnale. Non è grande, ma ha una forma raccolta e riconoscibile.",Usa un campo ampio per riconoscere il gruppo; aumenta poi moderatamente per separare le componenti più strette.,Autunno,Non realistico,Media,Facile,Facile,Facile
messier-M104,"M104, la Galassia Sombrero, è una spirale vista quasi di taglio con un grande rigonfiamento centrale e una netta banda di polveri. Anche quando la banda non è direttamente visibile, il nucleo brillante e il profilo molto allungato le danno un aspetto caratteristico. La bassa declinazione da molte località boreali rende importante osservarla vicino alla culminazione.",Usa ingrandimenti medi e cerca l'asimmetria prodotta dalla banda di polveri lungo il bordo del rigonfiamento.,Primavera ed estate,Non realistico,Media,Media,Facile,Facile
messier-M105,"M105 è una galassia ellittica in Leone. È la più grande ellittica del catalogo Messier, nel gruppo del Leone. Visivamente è semplice, ma racconta un ambiente galattico ricco e compatto.","Non cercare bracci: osserva forma, concentrazione centrale e regolarità dell'alone.",Primavera,Non realistico,Difficile,Media,Media,Facile
messier-M106,"M106 è una galassia spirale in Cani da Caccia. È una spirale attiva nei Cani da Caccia, nota per emissioni energetiche e maser d'acqua. In visuale è luminosa e gratificante per una galassia.",Usa ingrandimenti bassi o medi e proteggi l'occhio da ogni luce parassita.,Primavera ed estate,Non realistico,Difficile,Media,Facile,Facile
messier-M107,"M107 (Crucifix Cluster) è un ammasso globulare in Ofiuco. È un globulare relativamente sciolto in Ofiuco, meno denso dei classici più famosi. Richiede cielo buio, ma ha un aspetto delicato e personale.","Dopo averlo centrato, prova più ingrandimenti e lascia all'occhio il tempo di adattarsi alla sua debole tessitura.",Estate,Non realistico,Media,Media,Facile,Facile
messier-M108,"M108 (Surfboard Galaxy) è una galassia spirale barrata in Orsa Maggiore. La Surfboard Galaxy è una spirale di taglio, lunga e sottile, vicina in cielo alla Owl Nebula. È una bella prova di visione distolta.","Cerca la barra come un allungamento centrale, senza aspettarti contorni netti.",Primavera,Non realistico,Non realistico,Difficile,Media,Facile
messier-M109,"M109 (Vacuum Cleaner Galaxy) è una galassia spirale barrata in Orsa Maggiore. È una spirale barrata vicino a Phecda nell'Orsa Maggiore. Non è appariscente, ma il puntamento è elegante e la barra la rende interessante concettualmente.",Individua prima nucleo e orientamento; barra e bracci richiedono cielo buio e osservazione prolungata.,Primavera,Non realistico,Non realistico,Difficile,Media,Facile
messier-M110,"M110 (Andromeda Satellite #2) è una galassia ellittica nana in Andromeda. È una compagna ellittica di Andromeda, più ampia e soffusa di M32. In cieli bui completa la visione di M31 come piccolo sistema di galassie, non come oggetto isolato.",Usa bassi o medi ingrandimenti e confrontala con M31: il contrasto tra nucleo e alone è il dettaglio utile.,Autunno,Non realistico,Difficile,Media,Facile,Facile
caldwell-C1,"C1, NGC 188, è uno degli ammassi aperti più antichi conosciuti e si trova vicino al polo nord celeste in Cefeo. È ricco ma poco appariscente, formato da stelle relativamente deboli distribuite in un gruppo ampio e granuloso. La sua posizione circumpolare lo rende osservabile per gran parte dell'anno dalle latitudini boreali.",Usa un campo medio sotto cielo scuro; aumenta moderatamente per separare le molte componenti deboli dal fondo.,Autunno,Non realistico,Media,Media,Facile,Facile
caldwell-C2,"C2 (NGC 40), Nebulosa planetaria nella costellazione di Cefeo. Dimensioni ridotte e contrasto relativamente alto la rendono adatta a ingrandimenti medi; la stabilità atmosferica resta decisiva per i dettagli fini.",Alterna visione diretta e distolta; un filtro OIII o UHC può rendere più netto il disco.,Autunno,Non realistico,Non realistico,Difficile,Difficile,Media
caldwell-C3,"C3 (NGC 4236), Galassia spirale nella costellazione di Dragone. La prima lettura riguarda nucleo, orientamento e forma dell'alone; i dettagli di spirale, quando accessibili, arrivano solo dopo un lungo adattamento al buio.",Lascia l'occhio sul campo per alcuni minuti; l'alone esterno emerge più con il tempo che con la potenza.,Primavera,Non realistico,Difficile,Difficile,Media,Facile
caldwell-C4,"C4 (NGC 7023), Nebulosa nella costellazione di Cefeo. La struttura è diffusa e va letta attraverso variazioni graduali di luminosità; cielo scuro e campo ampio contano più di forti ingrandimenti.","Confronta la vista filtrata e non filtrata, evitando di aumentare troppo la potenza.",Estate e autunno,Non realistico,Difficile,Media,Facile,Facile
caldwell-C5,"C5 (IC 342), Galassia spirale barrata nella costellazione di Giraffa. All'oculare domina la zona centrale; sotto un buon cielo la distribuzione asimmetrica della luce può suggerire la barra e l'avvio dei bracci.",Individua prima nucleo e orientamento; barra e bracci richiedono cielo buio e osservazione prolungata.,Inverno,Non realistico,Difficile,Difficile,Media,Facile
caldwell-C6,"C6, NGC 6543, la Nebulosa Occhio di Gatto, è una planetaria piccola e molto luminosa nel Dragone. In strumenti modesti appare come un disco blu-verde intenso; con aperture maggiori e seeing stabile la regione centrale può mostrare struttura e una stella centrale. La vasta aureola esterna resta invece un obiettivo fotografico o molto difficile visualmente.","Usa ingrandimenti medi o alti con seeing stabile; prova OIII per il disco, ma osserva anche senza filtro per colore e stella centrale.",Estate,Non realistico,Difficile,Media,Media,Facile
caldwell-C7,"C7 (NGC 2403), Galassia spirale nella costellazione di Giraffa. È un bersaglio di contrasto: un campo ben oscurato permette di passare dal nucleo più evidente all'alone appena percettibile.",Lascia l'occhio sul campo per alcuni minuti; l'alone esterno emerge più con il tempo che con la potenza.,Inverno,Non realistico,Difficile,Difficile,Media,Facile
caldwell-C8,"C8 (NGC 559), Ammasso aperto nella costellazione di Cassiopea. Non va osservato come una semplice somma di stelle: la sua identità nasce dalla forma complessiva e dal contrasto con il campo della Via Lattea.",Usa un campo ampio per riconoscere il gruppo; aumenta poi moderatamente per separare le componenti più strette.,Autunno,Non realistico,Difficile,Media,Media,Facile
caldwell-C9,"C9 (Sh2-155), Nebulosa nella costellazione di Cefeo. È un oggetto di contrasto più che di dettaglio: trasparenza e adattamento al buio determinano gran parte della resa.","Usa basso ingrandimento, cielo scuro e visione distolta; prova UHC o OIII quando la nebulosa è a emissione.",Autunno,Non realistico,Media,Media,Facile,Facile
caldwell-C10,"C10 (NGC 663), Ammasso aperto nella costellazione di Cassiopea. Non va osservato come una semplice somma di stelle: la sua identità nasce dalla forma complessiva e dal contrasto con il campo della Via Lattea.",Usa un campo ampio per riconoscere il gruppo; aumenta poi moderatamente per separare le componenti più strette.,Autunno,Non realistico,Media,Facile,Facile,Facile
caldwell-C11,"C11 (NGC 7635), Nebulosa nella costellazione di Cassiopea. La struttura è diffusa e va letta attraverso variazioni graduali di luminosità; cielo scuro e campo ampio contano più di forti ingrandimenti.",Proteggi l'adattamento al buio e lascia che bordi e zone scure emergano lentamente.,Autunno,Non realistico,Difficile,Facile,Facile,Facile
caldwell-C12,"C12 (NGC 6946), Galassia spirale nella costellazione di Cefeo. Il profilo e la distribuzione della luminosità sono più affidabili dei dettagli minuti; osservazioni ripetute aiutano a riconoscerne la struttura.",Usa ingrandimenti bassi o medi e proteggi l'occhio da ogni luce parassita.,Estate e autunno,Non realistico,Difficile,Difficile,Media,Facile
caldwell-C13,"C13 (NGC 457), Ammasso aperto nella costellazione di Cassiopea. La resa cambia molto con l'ingrandimento: un campo ampio mostra la sagoma del gruppo, mentre salendo compaiono coppie e piccole concatenazioni.",Parti da basso ingrandimento e conserva un margine di cielo attorno all'ammasso per apprezzarne forma e contrasto.,Autunno,Non realistico,Facile,Facile,Facile,Facile
caldwell-C14,"C14, il Doppio Ammasso di Perseo, comprende NGC 869 e NGC 884, due ammassi aperti giovani e vicini nel cielo. Sono già visibili a occhio nudo come una macchia allungata e al binocolo esplodono in due concentrazioni stellari separate da un ricco ponte. Il campo completo è più spettacolare di ciascun ammasso preso isolatamente.",Usa binocolo o telescopio a campo molto ampio per mantenere entrambi gli ammassi nella stessa inquadratura.,Inverno,Difficile,Facile,Facile,Facile,Facile
caldwell-C15,"C15 (NGC 6826), Nebulosa planetaria nella costellazione di Cigno. La forma si legge meglio alternando visione diretta e distolta, cercando un disco, un anello o una struttura interna non uniforme.","Prova il lampeggio con filtro OIII per distinguerla dalle stelle, quindi osserva senza fretta la struttura interna.",Estate,Non realistico,Non realistico,Difficile,Media,Facile
caldwell-C16,"C16 (NGC 7243), Ammasso aperto nella costellazione di Lucertola. La resa cambia molto con l'ingrandimento: un campo ampio mostra la sagoma del gruppo, mentre salendo compaiono coppie e piccole concatenazioni.",Parti da basso ingrandimento e conserva un margine di cielo attorno all'ammasso per apprezzarne forma e contrasto.,Autunno,Non realistico,Facile,Facile,Facile,Facile
caldwell-C17,"C17 (NGC 147), Galassia ellittica nana nella costellazione di Cassiopea. Mostra una luce regolare e concentrata, priva di bracci visibili: il dettaglio utile è il gradiente dal nucleo all'alone esterno.",Concentrati sul gradiente tra nucleo e alone; ingrandimenti moderati aiutano a separarla dal fondo.,Autunno,Non realistico,Difficile,Media,Media,Facile
caldwell-C18,"C18 (NGC 185), Galassia ellittica nana nella costellazione di Cassiopea. Non offre strutture nette come una spirale; il suo carattere emerge dalla forma dell'alone e dalla concentrazione del nucleo.",Concentrati sul gradiente tra nucleo e alone; ingrandimenti moderati aiutano a separarla dal fondo.,Autunno,Non realistico,Difficile,Media,Media,Facile
caldwell-C19,"C19 (IC 5146), Nebulosa nella costellazione di Cigno. La struttura è diffusa e va letta attraverso variazioni graduali di luminosità; cielo scuro e campo ampio contano più di forti ingrandimenti.","Confronta la vista filtrata e non filtrata, evitando di aumentare troppo la potenza.",Estate e autunno,Non realistico,Non realistico,Difficile,Media,Facile
caldwell-C20,"C20, NGC 7000, la Nebulosa Nord America, è una vasta regione a emissione nel Cigno. La sua forma caratteristica richiede un campo molto ampio e cielo scuro; il tratto più accessibile è spesso il bordo luminoso vicino alla nebulosa oscura che disegna il Golfo del Messico. È molto più facile fotograficamente che visualmente, ma un filtro UHC può trasformarne la visibilità.","Usa il minimo ingrandimento, un filtro UHC e un cielo molto buio; esplora soprattutto la regione del Golfo del Messico.",Estate e autunno,Difficile,Media,Facile,Facile,Facile
caldwell-C21,"C21 (NGC 4449), Galassia irregolare nella costellazione di Cani da Caccia. Cerca prima la condensazione centrale e l'estensione complessiva, poi usa la visione distolta per seguire le regioni esterne più deboli.","Confronta visione diretta e distolta, mantenendo un fondo cielo sufficientemente scuro.",Primavera,Non realistico,Difficile,Media,Media,Facile
caldwell-C22,"C22 (NGC 7662), Nebulosa planetaria nella costellazione di Andromeda. A basso ingrandimento può sembrare una stella sfocata; una volta centrata, regge spesso potenze maggiori di molte altre nebulose.","Prova il lampeggio con filtro OIII per distinguerla dalle stelle, quindi osserva senza fretta la struttura interna.",Autunno,Non realistico,Non realistico,Media,Media,Facile
caldwell-C23,"C23 (NGC 891), Galassia spirale nella costellazione di Andromeda. La prima lettura riguarda nucleo, orientamento e forma dell'alone; i dettagli di spirale, quando accessibili, arrivano solo dopo un lungo adattamento al buio.","Non inseguire subito i bracci: stabilisci prima forma, asse e concentrazione centrale.",Inverno,Non realistico,Difficile,Difficile,Media,Facile
caldwell-C24,"C24 (NGC 1275), Galassia di Seyfert nella costellazione di Perseo. È un bersaglio di contrasto: un campo ben oscurato permette di passare dal nucleo più evidente all'alone appena percettibile.",Usa ingrandimenti bassi o medi e proteggi l'occhio da ogni luce parassita.,Inverno,Non realistico,Non realistico,Difficile,Difficile,Media
caldwell-C25,"C25 (NGC 2419), Ammasso globulare nella costellazione di Lince. È un oggetto che premia gli ingrandimenti progressivi: prima si riconosce l'alone, poi si cerca la risoluzione delle stelle periferiche.","Dopo averlo centrato, prova più ingrandimenti e lascia all'occhio il tempo di adattarsi alla sua debole tessitura.",Inverno,Non realistico,Non realistico,Difficile,Media,Facile
caldwell-C26,"C26 (NGC 4244), Galassia spirale nella costellazione di Cani da Caccia. La prima lettura riguarda nucleo, orientamento e forma dell'alone; i dettagli di spirale, quando accessibili, arrivano solo dopo un lungo adattamento al buio.","Confronta visione diretta e distolta, mantenendo un fondo cielo sufficientemente scuro.",Primavera,Non realistico,Non realistico,Difficile,Media,Media
caldwell-C27,"C27, NGC 6888, la Nebulosa Crescente, è una bolla di gas nel Cigno modellata dal vento di una stella Wolf-Rayet. Visualmente appare come archi incompleti e filamenti deboli immersi in un campo stellare ricco. Un filtro OIII e un cielo trasparente sono quasi indispensabili per seguirne la forma.",Usa basso ingrandimento e filtro OIII; individua prima l'arco più luminoso e poi percorri lentamente il resto dell'anello.,Estate e autunno,Non realistico,Difficile,Media,Facile,Facile
caldwell-C28,"C28 (NGC 752), Ammasso aperto nella costellazione di Andromeda. È un bersaglio da leggere nel suo insieme, cercando la concentrazione centrale e le figure geometriche suggerite dalle componenti più luminose.","Confronta ingrandimenti bassi e medi: il primo mostra la sagoma, il secondo mette in evidenza catene e coppie.",Autunno,Non realistico,Facile,Facile,Facile,Facile
caldwell-C29,"C29 (NGC 5005), Galassia spirale nella costellazione di Cani da Caccia. All'oculare la luce è tenue e progressiva: il cielo scuro conta più dell'ingrandimento per separare l'alone dal fondo.",Usa ingrandimenti bassi o medi e proteggi l'occhio da ogni luce parassita.,Primavera,Non realistico,Difficile,Difficile,Media,Facile
caldwell-C30,"C30 (NGC 7331), Galassia spirale nella costellazione di Pegaso. Cerca prima la condensazione centrale e l'estensione complessiva, poi usa la visione distolta per seguire le regioni esterne più deboli.",Lascia l'occhio sul campo per alcuni minuti; l'alone esterno emerge più con il tempo che con la potenza.,Autunno,Non realistico,Difficile,Media,Media,Facile
caldwell-C31,"C31 (IC 405), Nebulosa nella costellazione di Auriga. È un oggetto di contrasto più che di dettaglio: trasparenza e adattamento al buio determinano gran parte della resa.","Usa basso ingrandimento, cielo scuro e visione distolta; prova UHC o OIII quando la nebulosa è a emissione.",Inverno,Non realistico,Media,Facile,Facile,Facile
caldwell-C32,"C32 (NGC 4631), Galassia spirale nella costellazione di Cani da Caccia. La prima lettura riguarda nucleo, orientamento e forma dell'alone; i dettagli di spirale, quando accessibili, arrivano solo dopo un lungo adattamento al buio.","Confronta visione diretta e distolta, mantenendo un fondo cielo sufficientemente scuro.",Primavera,Non realistico,Difficile,Media,Media,Facile
caldwell-C33,"C33, NGC 6992, è la parte orientale della Nebulosa Velo, un vasto resto di supernova nel Cigno. Con un filtro OIII può apparire come un nastro filamentoso, ricco di curve, biforcazioni e variazioni di spessore. Il campo necessario è ampio e la qualità del cielo determina quanta struttura resta visibile.","Usa un filtro OIII, basso ingrandimento e un campo ampio; segui lentamente i filamenti lungo tutta la loro estensione.",Estate e autunno,Non realistico,Non realistico,Difficile,Difficile,Media
caldwell-C34,"C34, NGC 6960, è la parte occidentale della Nebulosa Velo e attraversa la stella 52 Cygni. La stella facilita il puntamento ma può disturbare l'adattamento al buio; con filtro OIII la nebulosa emerge come un arco sottile e irregolare che si estende oltre il campo. È uno dei resti di supernova più spettacolari visualmente.","Centra 52 Cygni, inserisci un filtro OIII e usa il minimo ingrandimento per seguire i filamenti su entrambi i lati della stella.",Estate e autunno,Non realistico,Non realistico,Difficile,Difficile,Media
caldwell-C35,"C35 (NGC 4889), Galassia ellittica nella costellazione di Chioma di Berenice. Non offre strutture nette come una spirale; il suo carattere emerge dalla forma dell'alone e dalla concentrazione del nucleo.","Non cercare bracci: osserva forma, concentrazione centrale e regolarità dell'alone.",Primavera,Non realistico,Non realistico,Difficile,Difficile,Media
caldwell-C36,"C36 (NGC 4559), Galassia spirale nella costellazione di Chioma di Berenice. All'oculare la luce è tenue e progressiva: il cielo scuro conta più dell'ingrandimento per separare l'alone dal fondo.","Serve cielo buio: cerca prima nucleo, orientamento e alone, poi eventuali irregolarità con visione distolta.",Primavera,Non realistico,Difficile,Difficile,Media,Facile
caldwell-C37,"C37 (NGC 6885), Ammasso aperto nella costellazione di Volpetta. All'oculare conta soprattutto il disegno del gruppo: densità, catene, vuoti e differenze di luminosità emergono meglio mantenendo un po' di cielo attorno.","Confronta ingrandimenti bassi e medi: il primo mostra la sagoma, il secondo mette in evidenza catene e coppie.",Estate e autunno,Non realistico,Facile,Facile,Facile,Facile
caldwell-C38,"C38 (NGC 4565), Galassia spirale nella costellazione di Chioma di Berenice. Cerca prima la condensazione centrale e l'estensione complessiva, poi usa la visione distolta per seguire le regioni esterne più deboli.",Usa ingrandimenti bassi o medi e proteggi l'occhio da ogni luce parassita.,Primavera,Non realistico,Difficile,Difficile,Media,Facile
caldwell-C39,"C39 (NGC 2392), Nebulosa planetaria nella costellazione di Gemelli. A basso ingrandimento può sembrare una stella sfocata; una volta centrata, regge spesso potenze maggiori di molte altre nebulose.","Confrontala con le stelle del campo e prova un filtro OIII; una volta identificata, aumenta l'ingrandimento.",Inverno,Non realistico,Non realistico,Difficile,Media,Facile
caldwell-C40,"C40 (NGC 3626), Galassia spirale nella costellazione di Leone. È un bersaglio di contrasto: un campo ben oscurato permette di passare dal nucleo più evidente all'alone appena percettibile.","Confronta visione diretta e distolta, mantenendo un fondo cielo sufficientemente scuro.",Primavera,Non realistico,Non realistico,Difficile,Difficile,Media
caldwell-C41,"C41, le Iadi, è l'ammasso aperto più vicino al Sistema Solare e forma il caratteristico muso a V del Toro. Aldebaran appare sovrapposta al gruppo ma non ne fa fisicamente parte. L'ammasso è troppo esteso per la maggior parte dei telescopi e si apprezza meglio a occhio nudo o con un binocolo a grande campo.",Osservalo a occhio nudo o con binocolo; evita forti ingrandimenti e considera Aldebaran come una stella di primo piano.,Inverno,Media,Facile,Facile,Facile,Facile
caldwell-C42,"C42 (NGC 7006), Ammasso globulare nella costellazione di Delfino. La visione distolta mostra l'estensione dell'alone, mentre un ingrandimento medio aiuta a cogliere la tessitura delle regioni esterne.","Dopo averlo centrato, prova più ingrandimenti e lascia all'occhio il tempo di adattarsi alla sua debole tessitura.",Estate e autunno,Non realistico,Non realistico,Difficile,Media,Media
caldwell-C43,"C43 (NGC 7814), Galassia spirale nella costellazione di Pegaso. Cerca prima la condensazione centrale e l'estensione complessiva, poi usa la visione distolta per seguire le regioni esterne più deboli.","Serve cielo buio: cerca prima nucleo, orientamento e alone, poi eventuali irregolarità con visione distolta.",Autunno,Non realistico,Non realistico,Difficile,Media,Facile
caldwell-C44,"C44 (NGC 7479), Galassia spirale barrata nella costellazione di Pegaso. All'oculare domina la zona centrale; sotto un buon cielo la distribuzione asimmetrica della luce può suggerire la barra e l'avvio dei bracci.","Cerca la barra come un allungamento centrale, senza aspettarti contorni netti.",Autunno,Non realistico,Non realistico,Difficile,Difficile,Media
caldwell-C45,"C45 (NGC 5248), Galassia spirale nella costellazione di Boote. All'oculare la luce è tenue e progressiva: il cielo scuro conta più dell'ingrandimento per separare l'alone dal fondo.",Lascia l'occhio sul campo per alcuni minuti; l'alone esterno emerge più con il tempo che con la potenza.,Primavera,Non realistico,Non realistico,Difficile,Media,Facile
caldwell-C46,"C46 (NGC 2261), Nebulosa nella costellazione di Unicorno. La struttura è diffusa e va letta attraverso variazioni graduali di luminosità; cielo scuro e campo ampio contano più di forti ingrandimenti.","Usa basso ingrandimento, cielo scuro e visione distolta; prova UHC o OIII quando la nebulosa è a emissione.",Inverno,Non realistico,Non realistico,Difficile,Media,Facile
caldwell-C47,"C47 (NGC 6934), Ammasso globulare nella costellazione di Delfino. All'inizio sembra una piccola nube rotonda, ma l'osservazione prolungata rivela differenze tra il nucleo luminoso e il bordo punteggiato.",Seeing stabile e buona messa a fuoco aiutano più di un aumento eccessivo degli ingrandimenti.,Estate e autunno,Non realistico,Non realistico,Media,Media,Facile
caldwell-C48,"C48 (NGC 2775), Galassia spirale nella costellazione di Cancro. Cerca prima la condensazione centrale e l'estensione complessiva, poi usa la visione distolta per seguire le regioni esterne più deboli.","Confronta visione diretta e distolta, mantenendo un fondo cielo sufficientemente scuro.",Primavera,Non realistico,Non realistico,Difficile,Media,Facile
caldwell-C49,"C49, NGC 2237, è la grande nebulosa a emissione associata alla Rosetta nell'Unicorno. Circonda un ammasso aperto centrale e visualmente si manifesta come un anello molto ampio e tenue, spezzato in segmenti più luminosi. Un campo largo, cielo scuro e filtro UHC o OIII sono essenziali.","Centra l'ammasso NGC 2244, usa basso ingrandimento e filtro UHC o OIII, poi cerca i segmenti dell'anello attorno al campo.",Inverno,Non realistico,Non realistico,Difficile,Difficile,Media
caldwell-C50,"C50 (NGC 2244), Ammasso aperto nella costellazione di Unicorno. È un bersaglio da leggere nel suo insieme, cercando la concentrazione centrale e le figure geometriche suggerite dalle componenti più luminose.",Binocolo o cercatore possono già mostrarne la forma; il telescopio serve a esplorarne le componenti.,Inverno,Difficile,Facile,Facile,Facile,Facile
caldwell-C51,"C51 (IC 1613), Galassia irregolare nella costellazione di Balena. La prima lettura riguarda nucleo, orientamento e forma dell'alone; i dettagli di spirale, quando accessibili, arrivano solo dopo un lungo adattamento al buio.",Lascia l'occhio sul campo per alcuni minuti; l'alone esterno emerge più con il tempo che con la potenza.,Autunno,Non realistico,Difficile,Media,Media,Facile
caldwell-C52,"C52 (NGC 4697), Galassia ellittica nella costellazione di Vergine. Non offre strutture nette come una spirale; il suo carattere emerge dalla forma dell'alone e dalla concentrazione del nucleo.",Cielo scuro e schermatura dalle luci parassite rendono più leggibili le regioni esterne.,Primavera,Non realistico,Difficile,Media,Media,Facile
caldwell-C53,"C53 (NGC 3115), Galassia ellittica nella costellazione di Sestante. Mostra una luce regolare e concentrata, priva di bracci visibili: il dettaglio utile è il gradiente dal nucleo all'alone esterno.",Cielo scuro e schermatura dalle luci parassite rendono più leggibili le regioni esterne.,Primavera,Non realistico,Difficile,Media,Media,Facile
caldwell-C54,"C54 (NGC 2506), Ammasso aperto nella costellazione di Unicorno. È un bersaglio da leggere nel suo insieme, cercando la concentrazione centrale e le figure geometriche suggerite dalle componenti più luminose.","Confronta ingrandimenti bassi e medi: il primo mostra la sagoma, il secondo mette in evidenza catene e coppie.",Primavera,Non realistico,Media,Media,Facile,Facile
caldwell-C55,"C55 (NGC 7009), Nebulosa planetaria nella costellazione di Acquario. È compatta e ad alta luminosità superficiale: il confronto con le stelle vicine e la risposta a un filtro OIII aiutano a identificarla.",La messa a fuoco precisa è fondamentale: cerca un disco che non diventa puntiforme come le stelle vicine.,Estate e autunno,Non realistico,Difficile,Media,Facile,Facile
caldwell-C56,"C56 (NGC 246), Nebulosa planetaria nella costellazione di Balena. È compatta e ad alta luminosità superficiale: il confronto con le stelle vicine e la risposta a un filtro OIII aiutano a identificarla.",La messa a fuoco precisa è fondamentale: cerca un disco che non diventa puntiforme come le stelle vicine.,Autunno,Non realistico,Difficile,Media,Facile,Facile
caldwell-C57,"C57 (NGC 6822), Galassia irregolare nella costellazione di Sagittario. Cerca prima la condensazione centrale e l'estensione complessiva, poi usa la visione distolta per seguire le regioni esterne più deboli.","Serve cielo buio: cerca prima nucleo, orientamento e alone, poi eventuali irregolarità con visione distolta.",Estate,Non realistico,Difficile,Media,Media,Facile
caldwell-C58,"C58 (NGC 2360), Ammasso aperto nella costellazione di Cane Maggiore. All'oculare conta soprattutto il disegno del gruppo: densità, catene, vuoti e differenze di luminosità emergono meglio mantenendo un po' di cielo attorno.",Usa un campo ampio per riconoscere il gruppo; aumenta poi moderatamente per separare le componenti più strette.,Inverno,Non realistico,Media,Facile,Facile,Facile
caldwell-C59,"C59 (NGC 3242), Nebulosa planetaria nella costellazione di Idra. La forma si legge meglio alternando visione diretta e distolta, cercando un disco, un anello o una struttura interna non uniforme.","Confrontala con le stelle del campo e prova un filtro OIII; una volta identificata, aumenta l'ingrandimento.",Primavera,Non realistico,Difficile,Media,Media,Facile
caldwell-C60,"C60 (NGC 4038), Galassia spirale nella costellazione di Corvo. Cerca prima la condensazione centrale e l'estensione complessiva, poi usa la visione distolta per seguire le regioni esterne più deboli.","Serve cielo buio: cerca prima nucleo, orientamento e alone, poi eventuali irregolarità con visione distolta.",Primavera,Non realistico,Non realistico,Difficile,Difficile,Media
caldwell-C61,"C61 (NGC 4039), Galassia spirale nella costellazione di Corvo. È un bersaglio di contrasto: un campo ben oscurato permette di passare dal nucleo più evidente all'alone appena percettibile.","Non inseguire subito i bracci: stabilisci prima forma, asse e concentrazione centrale.",Primavera,Non realistico,Non realistico,Non realistico,Difficile,Difficile
caldwell-C62,"C62 (NGC 247), Galassia spirale nella costellazione di Balena. È un bersaglio di contrasto: un campo ben oscurato permette di passare dal nucleo più evidente all'alone appena percettibile.",Usa ingrandimenti bassi o medi e proteggi l'occhio da ogni luce parassita.,Autunno,Non realistico,Difficile,Difficile,Media,Facile
caldwell-C63,"C63, NGC 7293, la Nebulosa Elica, è una delle nebulose planetarie più vicine e più grandi in diametro apparente. Nonostante la dimensione, la sua luminosità superficiale è bassa: appare come un vasto anello pallido con centro più scuro, molto sensibile alla qualità del cielo. Un filtro OIII può renderla sorprendentemente evidente.","Usa basso ingrandimento, filtro OIII e cielo buio; cerca il grande anello con visione distolta senza aspettarti bordi netti.",Autunno,Non realistico,Difficile,Media,Facile,Facile
caldwell-C64,"C64 (NGC 2362), Ammasso aperto nella costellazione di Cane Maggiore. È un bersaglio da leggere nel suo insieme, cercando la concentrazione centrale e le figure geometriche suggerite dalle componenti più luminose.",Parti da basso ingrandimento e conserva un margine di cielo attorno all'ammasso per apprezzarne forma e contrasto.,Inverno,Difficile,Facile,Facile,Facile,Facile
caldwell-C65,"C65 (NGC 253), Galassia spirale nella costellazione di Scultore. Cerca prima la condensazione centrale e l'estensione complessiva, poi usa la visione distolta per seguire le regioni esterne più deboli.","Confronta visione diretta e distolta, mantenendo un fondo cielo sufficientemente scuro.",Autunno,Non realistico,Media,Media,Facile,Facile
caldwell-C66,"C66 (NGC 5694), Ammasso globulare nella costellazione di Idra. La visione distolta mostra l'estensione dell'alone, mentre un ingrandimento medio aiuta a cogliere la tessitura delle regioni esterne.",Usa visione distolta per l'alone e ingrandimenti medi per tentare la risoluzione delle stelle periferiche.,Estate,Non realistico,Non realistico,Difficile,Media,Facile
caldwell-C67,"C67 (NGC 1097), Galassia spirale barrata nella costellazione di Fornace. Conviene partire dal nucleo e dall'orientamento dell'alone; la barra e gli eventuali accenni di spirale richiedono cielo scuro e osservazione paziente.","Usa visione distolta e ingrandimenti moderati, evitando di scurire troppo l'alone esterno.",Inverno,Non realistico,Difficile,Media,Media,Facile
caldwell-C68,"C68 (NGC 6729), Nebulosa nella costellazione di Corona Australe. Alterna visione diretta e distolta per seguire bordi, zone scure e condensazioni, mantenendo abbastanza stelle di riferimento nel campo.",Mantieni un campo ampio e cerca variazioni graduali di luminosità tra le stelle.,Estate,Non realistico,Non realistico,Difficile,Media,Facile
caldwell-C69,"C69 (NGC 6302), Nebulosa planetaria nella costellazione di Scorpione. A basso ingrandimento può sembrare una stella sfocata; una volta centrata, regge spesso potenze maggiori di molte altre nebulose.",Alterna visione diretta e distolta; un filtro OIII o UHC può rendere più netto il disco.,Estate,Non realistico,Non realistico,Non realistico,Difficile,Difficile
caldwell-C70,"C70 (NGC 300), Galassia spirale nella costellazione di Scultore. All'oculare la luce è tenue e progressiva: il cielo scuro conta più dell'ingrandimento per separare l'alone dal fondo.",Usa ingrandimenti bassi o medi e proteggi l'occhio da ogni luce parassita.,Autunno,Non realistico,Media,Media,Media,Facile
caldwell-C71,"C71 (NGC 2477), Ammasso aperto nella costellazione di Poppa. All'oculare conta soprattutto il disegno del gruppo: densità, catene, vuoti e differenze di luminosità emergono meglio mantenendo un po' di cielo attorno.",Parti da basso ingrandimento e conserva un margine di cielo attorno all'ammasso per apprezzarne forma e contrasto.,Inverno,Non realistico,Facile,Facile,Facile,Facile
caldwell-C72,"C72 (NGC 55), Galassia spirale barrata nella costellazione di Scultore. All'oculare domina la zona centrale; sotto un buon cielo la distribuzione asimmetrica della luce può suggerire la barra e l'avvio dei bracci.","Usa visione distolta e ingrandimenti moderati, evitando di scurire troppo l'alone esterno.",Autunno,Non realistico,Media,Media,Media,Facile
caldwell-C73,"C73 (NGC 1851), Ammasso globulare nella costellazione di Colomba. La concentrazione verso il centro è il suo tratto dominante: il passaggio da nucleo compatto a periferia più rada è il dettaglio da seguire.","Dopo averlo centrato, prova più ingrandimenti e lascia all'occhio il tempo di adattarsi alla sua debole tessitura.",Inverno,Non realistico,Difficile,Facile,Facile,Facile
caldwell-C74,"C74, NGC 3132, la Nebulosa Anello Meridionale, è una planetaria luminosa nella Vela. Mostra un disco ovale con regione centrale più scura e una stella brillante proiettata vicino al centro; la vera stella responsabile della nebulosa è una compagna più debole. È uno dei migliori bersagli planetari del cielo australe.",Usa ingrandimenti medi o alti e confronta la vista con e senza filtro OIII per leggere l'ovale e la cavità centrale.,Primavera,Non realistico,Difficile,Media,Facile,Facile
caldwell-C75,"C75 (NGC 6124), Ammasso aperto nella costellazione di Scorpione. Il piacere osservativo sta nel separare il gruppo dal fondo stellare e nel riconoscere come le stelle più brillanti ne definiscono la struttura.",Usa un campo ampio per riconoscere il gruppo; aumenta poi moderatamente per separare le componenti più strette.,Estate,Non realistico,Facile,Facile,Facile,Facile
caldwell-C76,"C76 (NGC 6231), Ammasso aperto nella costellazione di Scorpione. È un bersaglio da leggere nel suo insieme, cercando la concentrazione centrale e le figure geometriche suggerite dalle componenti più luminose.",Usa un campo ampio per riconoscere il gruppo; aumenta poi moderatamente per separare le componenti più strette.,Estate,Media,Facile,Facile,Facile,Facile
caldwell-C77,"C77 (NGC 5128), Galassia peculiare nella costellazione di Centauro. Cerca prima la condensazione centrale e l'estensione complessiva, poi usa la visione distolta per seguire le regioni esterne più deboli.","Non inseguire subito i bracci: stabilisci prima forma, asse e concentrazione centrale.",Primavera,Non realistico,Media,Media,Facile,Facile
caldwell-C78,"C78 (NGC 6541), Ammasso globulare nella costellazione di Corona Australe. La concentrazione verso il centro è il suo tratto dominante: il passaggio da nucleo compatto a periferia più rada è il dettaglio da seguire.",Usa visione distolta per l'alone e ingrandimenti medi per tentare la risoluzione delle stelle periferiche.,Estate,Non realistico,Difficile,Facile,Facile,Facile
caldwell-C79,"C79 (NGC 3201), Ammasso globulare nella costellazione di Vele. È un oggetto che premia gli ingrandimenti progressivi: prima si riconosce l'alone, poi si cerca la risoluzione delle stelle periferiche.","Centralo a basso ingrandimento, poi sali gradualmente finché il bordo acquista granulosità senza perdere luminosità.",Primavera,Non realistico,Difficile,Facile,Facile,Facile
caldwell-C80,"C80, NGC 5139, Omega Centauri, è il più grande e luminoso ammasso globulare della Via Lattea. A occhio nudo può apparire come una stella sfocata; in telescopio si estende in una massa enorme di stelle, più ampia e meno concentrata di molti globulari. Dalle latitudini boreali basse va osservato vicino alla culminazione.",Usa un campo abbastanza ampio da contenerlo tutto e ingrandimenti medi per risolvere la vasta periferia stellare.,Primavera,Difficile,Media,Facile,Facile,Facile
caldwell-C81,"C81 (NGC 6352), Ammasso globulare nella costellazione di Altare. La concentrazione verso il centro è il suo tratto dominante: il passaggio da nucleo compatto a periferia più rada è il dettaglio da seguire.","Centralo a basso ingrandimento, poi sali gradualmente finché il bordo acquista granulosità senza perdere luminosità.",Estate,Non realistico,Difficile,Media,Facile,Facile
caldwell-C82,"C82 (NGC 6193), Ammasso aperto nella costellazione di Altare. All'oculare conta soprattutto il disegno del gruppo: densità, catene, vuoti e differenze di luminosità emergono meglio mantenendo un po' di cielo attorno.","Confronta ingrandimenti bassi e medi: il primo mostra la sagoma, il secondo mette in evidenza catene e coppie.",Estate,Difficile,Facile,Facile,Facile,Facile
caldwell-C83,"C83 (NGC 4945), Galassia spirale barrata nella costellazione di Centauro. La struttura centrale è più evidente delle regioni esterne: cerca prima il nucleo, poi l'allungamento della barra e infine l'alone più debole.","Cerca la barra come un allungamento centrale, senza aspettarti contorni netti.",Primavera,Non realistico,Difficile,Difficile,Media,Facile
caldwell-C84,"C84 (NGC 5286), Ammasso globulare nella costellazione di Centauro. A basso ingrandimento appare come un alone concentrato; con più apertura e seeing stabile il margine può diventare granuloso e iniziare a risolversi in stelle.","Dopo averlo centrato, prova più ingrandimenti e lascia all'occhio il tempo di adattarsi alla sua debole tessitura.",Primavera,Non realistico,Difficile,Media,Facile,Facile
caldwell-C85,"C85 (IC 2391), Ammasso aperto nella costellazione di Vele. La resa cambia molto con l'ingrandimento: un campo ampio mostra la sagoma del gruppo, mentre salendo compaiono coppie e piccole concatenazioni.",Usa un campo ampio per riconoscere il gruppo; aumenta poi moderatamente per separare le componenti più strette.,Primavera,Media,Facile,Facile,Facile,Facile
caldwell-C86,"C86 (NGC 6397), Ammasso globulare nella costellazione di Altare. A basso ingrandimento appare come un alone concentrato; con più apertura e seeing stabile il margine può diventare granuloso e iniziare a risolversi in stelle.",Seeing stabile e buona messa a fuoco aiutano più di un aumento eccessivo degli ingrandimenti.,Estate,Difficile,Media,Facile,Facile,Facile
caldwell-C87,"C87 (NGC 1261), Ammasso globulare nella costellazione di Orologio. All'inizio sembra una piccola nube rotonda, ma l'osservazione prolungata rivela differenze tra il nucleo luminoso e il bordo punteggiato.",Confronta nucleo e periferia; la risoluzione in stelle comincia quasi sempre dal bordo.,Inverno,Non realistico,Difficile,Media,Facile,Facile
caldwell-C88,"C88 (NGC 5823), Ammasso aperto nella costellazione di Compasso. Il piacere osservativo sta nel separare il gruppo dal fondo stellare e nel riconoscere come le stelle più brillanti ne definiscono la struttura.","Confronta ingrandimenti bassi e medi: il primo mostra la sagoma, il secondo mette in evidenza catene e coppie.",Estate,Non realistico,Media,Media,Facile,Facile
caldwell-C89,"C89 (NGC 6087), Ammasso aperto nella costellazione di Regolo. Il piacere osservativo sta nel separare il gruppo dal fondo stellare e nel riconoscere come le stelle più brillanti ne definiscono la struttura.",Parti da basso ingrandimento e conserva un margine di cielo attorno all'ammasso per apprezzarne forma e contrasto.,Estate,Difficile,Facile,Facile,Facile,Facile
caldwell-C90,"C90 (NGC 2867), Nebulosa planetaria nella costellazione di Carena. Dimensioni ridotte e contrasto relativamente alto la rendono adatta a ingrandimenti medi; la stabilità atmosferica resta decisiva per i dettagli fini.",La messa a fuoco precisa è fondamentale: cerca un disco che non diventa puntiforme come le stelle vicine.,Primavera,Non realistico,Non realistico,Difficile,Media,Facile
caldwell-C91,"C91 (NGC 3532), Ammasso aperto nella costellazione di Carena. Il piacere osservativo sta nel separare il gruppo dal fondo stellare e nel riconoscere come le stelle più brillanti ne definiscono la struttura.",Usa un campo ampio per riconoscere il gruppo; aumenta poi moderatamente per separare le componenti più strette.,Primavera,Media,Facile,Facile,Facile,Facile
caldwell-C92,"C92, NGC 3372, la Nebulosa della Carena, è una gigantesca regione di formazione stellare del cielo australe. Attorno a Eta Carinae si intrecciano zone luminose, ammassi e profonde bande oscure; a occhio nudo e al binocolo è già impressionante sotto un buon cielo. La sua estensione richiede bassi ingrandimenti.","Usa binocolo o un telescopio a grande campo; esplora separatamente Eta Carinae, le bande scure e gli ammassi immersi.",Primavera,Difficile,Media,Facile,Facile,Facile
caldwell-C93,"C93 (NGC 6752), Ammasso globulare nella costellazione di Pavone. La concentrazione verso il centro è il suo tratto dominante: il passaggio da nucleo compatto a periferia più rada è il dettaglio da seguire.","Centralo a basso ingrandimento, poi sali gradualmente finché il bordo acquista granulosità senza perdere luminosità.",Estate,Difficile,Media,Facile,Facile,Facile
caldwell-C94,"C94 (NGC 4755), Ammasso aperto nella costellazione di Croce del Sud. È un bersaglio da leggere nel suo insieme, cercando la concentrazione centrale e le figure geometriche suggerite dalle componenti più luminose.","Confronta ingrandimenti bassi e medi: il primo mostra la sagoma, il secondo mette in evidenza catene e coppie.",Primavera,Difficile,Facile,Facile,Facile,Facile
caldwell-C95,"C95 (NGC 6025), Ammasso aperto nella costellazione di Triangolo Australe. La resa cambia molto con l'ingrandimento: un campo ampio mostra la sagoma del gruppo, mentre salendo compaiono coppie e piccole concatenazioni.","Confronta ingrandimenti bassi e medi: il primo mostra la sagoma, il secondo mette in evidenza catene e coppie.",Estate,Difficile,Facile,Facile,Facile,Facile
caldwell-C96,"C96 (NGC 2516), Ammasso aperto nella costellazione di Carena. All'oculare conta soprattutto il disegno del gruppo: densità, catene, vuoti e differenze di luminosità emergono meglio mantenendo un po' di cielo attorno.","Confronta ingrandimenti bassi e medi: il primo mostra la sagoma, il secondo mette in evidenza catene e coppie.",Inverno,Difficile,Facile,Facile,Facile,Facile
caldwell-C97,"C97 (NGC 3766), Ammasso aperto nella costellazione di Centauro. È un bersaglio da leggere nel suo insieme, cercando la concentrazione centrale e le figure geometriche suggerite dalle componenti più luminose.","Confronta ingrandimenti bassi e medi: il primo mostra la sagoma, il secondo mette in evidenza catene e coppie.",Primavera,Difficile,Facile,Facile,Facile,Facile
caldwell-C98,"C98 (NGC 4609), Ammasso aperto nella costellazione di Croce del Sud. È un bersaglio da leggere nel suo insieme, cercando la concentrazione centrale e le figure geometriche suggerite dalle componenti più luminose.",Binocolo o cercatore possono già mostrarne la forma; il telescopio serve a esplorarne le componenti.,Primavera,Non realistico,Media,Facile,Facile,Facile
caldwell-C99,"C99, la Nebulosa Sacco di Carbone, è una grande nebulosa oscura visibile a occhio nudo contro la Via Lattea australe, vicino alla Croce del Sud. Non brilla: appare come una cavità scura dove il fondo stellare sembra interrompersi. La sua forma si apprezza meglio senza telescopio o con binocolo a bassissimo ingrandimento.","Osservala sotto un cielo molto scuro a occhio nudo o con binocolo, confrontando il vuoto apparente con la Via Lattea circostante.",Primavera,Difficile,Media,Difficile,Difficile,Media
caldwell-C100,"C100 (IC 2944), Ammasso aperto nella costellazione di Centauro. È un bersaglio da leggere nel suo insieme, cercando la concentrazione centrale e le figure geometriche suggerite dalle componenti più luminose.",Parti da basso ingrandimento e conserva un margine di cielo attorno all'ammasso per apprezzarne forma e contrasto.,Primavera,Difficile,Facile,Facile,Facile,Facile
caldwell-C101,"C101 (NGC 6744), Galassia spirale barrata nella costellazione di Pavone. Conviene partire dal nucleo e dall'orientamento dell'alone; la barra e gli eventuali accenni di spirale richiedono cielo scuro e osservazione paziente.",Individua prima nucleo e orientamento; barra e bracci richiedono cielo buio e osservazione prolungata.,Estate,Non realistico,Difficile,Media,Media,Facile
caldwell-C102,"C102 (IC 2602), Ammasso aperto nella costellazione di Carena. La resa cambia molto con l'ingrandimento: un campo ampio mostra la sagoma del gruppo, mentre salendo compaiono coppie e piccole concatenazioni.","Confronta ingrandimenti bassi e medi: il primo mostra la sagoma, il secondo mette in evidenza catene e coppie.",Primavera,Media,Facile,Facile,Facile,Facile
caldwell-C103,"C103 (NGC 2070), Nebulosa nella costellazione di Dorado. Alterna visione diretta e distolta per seguire bordi, zone scure e condensazioni, mantenendo abbastanza stelle di riferimento nel campo.","Usa basso ingrandimento, cielo scuro e visione distolta; prova UHC o OIII quando la nebulosa è a emissione.",Inverno,Non realistico,Media,Facile,Facile,Facile
caldwell-C104,"C104 (NGC 362), Ammasso globulare nella costellazione di Tucano. All'inizio sembra una piccola nube rotonda, ma l'osservazione prolungata rivela differenze tra il nucleo luminoso e il bordo punteggiato.","Centralo a basso ingrandimento, poi sali gradualmente finché il bordo acquista granulosità senza perdere luminosità.",Autunno,Non realistico,Difficile,Facile,Facile,Facile
caldwell-C105,"C105 (NGC 4833), Ammasso globulare nella costellazione di Mosca. All'inizio sembra una piccola nube rotonda, ma l'osservazione prolungata rivela differenze tra il nucleo luminoso e il bordo punteggiato.",Usa visione distolta per l'alone e ingrandimenti medi per tentare la risoluzione delle stelle periferiche.,Primavera,Non realistico,Difficile,Facile,Facile,Facile
caldwell-C106,"C106, NGC 104, 47 Tucanae, è uno dei globulari più luminosi e spettacolari del cielo. Mostra un nucleo densissimo circondato da un ampio alone di stelle risolvibili, con un aspetto più concentrato e regolare di Omega Centauri. La vicinanza apparente alla Piccola Nube di Magellano crea un campo straordinario.","Usa un campo medio per includere l'alone, poi aumenta l'ingrandimento per risolvere la periferia e studiare il nucleo.",Autunno,Difficile,Media,Facile,Facile,Facile
caldwell-C107,"C107 (NGC 6101), Ammasso globulare nella costellazione di Uccello del Paradiso. All'inizio sembra una piccola nube rotonda, ma l'osservazione prolungata rivela differenze tra il nucleo luminoso e il bordo punteggiato.","Centralo a basso ingrandimento, poi sali gradualmente finché il bordo acquista granulosità senza perdere luminosità.",Estate,Non realistico,Non realistico,Media,Media,Facile
caldwell-C108,"C108 (NGC 4372), Ammasso globulare nella costellazione di Mosca. È un oggetto che premia gli ingrandimenti progressivi: prima si riconosce l'alone, poi si cerca la risoluzione delle stelle periferiche.",Seeing stabile e buona messa a fuoco aiutano più di un aumento eccessivo degli ingrandimenti.,Primavera,Non realistico,Difficile,Media,Facile,Facile
caldwell-C109,"C109 (NGC 3195), Nebulosa planetaria nella costellazione di Camaleonte. La forma si legge meglio alternando visione diretta e distolta, cercando un disco, un anello o una struttura interna non uniforme.",Alterna visione diretta e distolta; un filtro OIII o UHC può rendere più netto il disco.,Primavera,Non realistico,Non realistico,Difficile,Media,Facile
